Workbook

Sheet Introduction
A1: NOTICE | H1: Status color coding | J1: Version control
H2: Column complete | J2: This document is under version B
A3: This is a draft product not yet intended for public release. | H3: Column missing info, see comment | J3: Version B branched from version A at EoD 2026-01-15 savepoint to revert sort mistakes that broke associations later
A4: The material contained in this product is neither complete nor | H4: Cell-specific question/problem
A5: warranted to be free of errors. | H5: In progress
A7: Introduction
A8: Purpose
A9: This document will serve as a centralized database of all contaminants detected in the various monitoring efforts surrounding the Red Hill Water Crisis.
A10: This document will aid researchers by:
B11: Providing a cross-reference between all data sets/data files that contain detections of speecific analytes
B12: Providing references to background information about the sources, uses, and characteristics of certain analytes
B13: Collecting other relevant information that may be helpful to researchers.
A14: This document will aid the public by serving as the foundation for a public-facing contaminant glossary to be hosted on the Red Hill Info Hub website.
A16: Layout
A17: Each row corresponds to a unique analyte.
A18: Information under the heading "Identification" corresponds to ways to uniquely identify this specific analyte, down to the level of relevant stereochemistry. This includes:
B19: Name as given in datasets
B20: Name simplified for sorting
C21: To simplify names for sorting, move locants, isomer designators, etc. to the end of the name and connect with a comma. For example, "1-bromobutane" becomes "bromobutane, 1-".
C22: This allows similar compounds to sort together - for example, "1,1-dichloroethane", "1,1-dichloropropane", and "1,2-dichloroethane" sorts in that order, while the simplified names sort the two dichloroethanes together.
B23: "a.k.a.s" - trade names, common names, or IUPAC preferred names
B24: CASRN - the Chemical Abstracts Service Registry Number is a unique identifier given to a specific substance that is used to specifically identify it among all similarly-named substances.
A25: Information under the heading "Classification" is used to group analytes as members of specific classes. This includes:
B26: Classification at three levels (work in progress, will create a graphic to illustrate classification scheme)
B27: Membership in various groups (true/false)
C28: BTEXMN - benzene, toluene, ethylbenzene, xylenes, methylnaphthalenes, and naphthalene
C29: DBP - disinfection byproducts
C30: Known JP-5 component - something known to be added to JP-5 based on literature or experimental reports of its presence and/or the relevant MILSPEC
D31: Compounds marked TRUE have definitive evidence of their presence in JP-5 (has been detected in experimental samples unambiguously)
D32: Compounds marked Possible have convincing evidence of their presence in JP-5
C33: PAH - polycyclic aromatic hydrocarbons
C34: Pesticides (includes herbicides) (see footnote D)
A35: Information under the heading "Atom & functional group inventory" is used to group analytes by chemical similarity.
A36: This is potentially useful for both chemists and health researchers - e.g., this allows for sorting to find all aldehydes.
A37: Information includes:
B38: Atom inventory - counts of chemically relevant atoms
C39: Carbon - for sorting by carbon range
C40: Nitrogen - for potential reactivity
C41: Halogens - potentially interesting as DBPs or particularlly hazardous materials
B42: Functional group inventory - counts of specific moieties
C43: 1°, 2°, and 3° alcohols
C44: Ethers
C45: Ketones & aldehydes
C46: Esters
B47: True/false criteria
C48: Halogenated - true if the analyte contains fluorine, chlorine, bromine, or iodine
C49: Saturated - true if the analyte does not contain any unsaturations
A50: Information under the heading "Regulations" is used to sort for contaminants included in government regulations
B51: The column "NPDWR" and the subsequent columns "MCL" and "MCLG" show if the analyte is regulated under the National Primary Drinking Water Regulations, and if so, at what levels.
B52: The column "CCL5" shows if the analyte is included in Contaminant Candidate List 5
B53: The column "Montreal Protocol" shows if the analyte is an ozone-depleting substance covered by the Montreal Protocol on Substances That Deplete the Ozone Layer
B54: The column "Stockholm Convention" shows if the analyte is a persistent organic pollutant covered by the Stockholm Convention on Persistent Organic Pollutants
C55: POPs covered by the Stockholm Convention are grouped into various annexes
D56: Annex A - parties must take measures to eliminate production and use
D57: Annex B - parties must take measures to restrict production and use
D58: Annex C - parties must take measures to reduce unintentional release, with the goal of continuing minimization and elimination where feasible
C59: Consequently, compounds are labeled "A", "B", or "C" rather than TRUE in this column
B60: Additional regulations will be included in this section at a later date
A61: Information under the heading "Sources" lists where the compound is found in everyday use.
B62: This information is, at the moment, primarily gleaned from Wikipedia articles and PubChem entries.
B63: Future revisions will include references and better sources.
A64: Information under the heading "Analyte in dataset…" shows all data sets and files that contain this analyte.
B65: Please refer to the Dataset Index and Map for more information about the datasets.
B66: Dataset names will be harmonized with the DI&M product for ease of reference.
B67: If you have an additional dataset you would like to have included, please email eamonn.clarke@hawaii.edu

Sheet Glossary
A1: Compound name given in datasets | B1: Compound name for sorting | C1: Chemical formula | D1: a.k.a.s | E1: CASRN | F1: InChIKey | G1: Primary | H1: Secondary | I1: Tertiary | J1: Aromatic | K1: BTEXMN | L1: DBP | M1: Known JP-5 component | N1: PAH | O1: Pesticide | P1: C | Q1: N | R1: F | S1: Cl | T1: Br | U1: 1° alcohols | V1: 2° alcohols | W1: 3° alcohols | X1: Ethers | Y1: Ketones | Z1: Aldehydes | AA1: Esters | AB1: Epoxides | AC1: Amines | AD1: Halogenated | AE1: Saturated | AF1: NPDWR MCLG (mg/L) | AG1: NPDWR MCL (mg/L) | AH1: NPDWR notes | AI1: SMCL (mg/L) | AJ1: CCL5 | AK1: HDOH MCL (mg/L) | AL1: HDOH more stringent | AM1: Montreal Protocol | AN1: Stockholm Convention | AO1: Sources | AP1: Notes | AQ1: Footnotes | AR1: Immediate | AS1: Flushing reports | AT1: LTM plan | AU1: EDWM plan | AV1: SafeWaters data (old scrape) | AW1: SafeWaters data (checking 2026-06-22)
A2: 2-(2-methoxyethoxy)ethanol | B2: 2-(2-methoxyethoxy)ethanol | C2: C5H12O3 | D2: diethylene glycol monomethyl ether | diglycol monomethyl ether | methoxydiglycol | methylcarbitol | E2: 111-77-3 | F2: SBASXUCJHJRPEV-UHFFFAOYSA-N | G2: Glycol ether | M2: TRUE | P2: 5 | Q2: 0 | R2: 0 | S2: 0 | T2: 0 | U2: 1 | X2: 2 | AD2: =OR(Glossary!$R2>0,Glossary!$S2>0,Glossary!$T2>0) -> FALSE | AE2: TRUE | AL2: =IF(ISBLANK(AK2),"",AK2<AG2) | AO2: 2-(2-methoxyethoxy)ethanol is a chemical compound used as a fuel system icing inhibitor in jet fuels and as an industrial solvent in construction products (paints/stains, caulks/sealants), cosmetic products, high-strength cleansers, automotive fluids, and certain inks. | AR2: TRUE | AU2: TRUE | AV2: TRUE
A3: Acenaphthene | B3: acenaphthene | C3: C12H10 | D3: peri-ethylenenaphthalene | E3: 83-32-9 | F3: CWRYPZZKDGJXCA-UHFFFAOYSA-N | G3: Aromatic | H3: PAH | I3: Naphthalene, alkylated | J3: TRUE | N3: TRUE | P3: 12 | Q3: 0 | R3: 0 | S3: 0 | T3: 0 | AD3: =OR(Glossary!$R3>0,Glossary!$S3>0,Glossary!$T3>0) -> FALSE | AE3: FALSE | AL3: =IF(ISBLANK(AK3),"",AK3<AG3) | AO3: Acenaphthene is a C12 PAH produced during combustion and manufactured for industrial uses. Combustion sources include the burning of fossil fuels, forest fires, volcanic eruptions, and charbroiling of food. Industrially, it is an intermediate used in the production of dyes, plastics, biocides, and pharmaceutical products. | AQ3: A | AR3: TRUE
A4: Acenaphthylene | B4: acenaphthylene | C4: C12H8 | D4: cyclopenta[de]naphthalene | E4: 208-96-8 | F4: HXGDTGSAIMULJN-UHFFFAOYSA-N | G4: Aromatic | H4: PAH | I4: Naphthalene, alkylated | J4: TRUE | N4: TRUE | O4: TRUE | P4: 12 | Q4: 0 | R4: 0 | S4: 0 | T4: 0 | AD4: =OR(Glossary!$R4>0,Glossary!$S4>0,Glossary!$T4>0) -> FALSE | AE4: FALSE | AL4: =IF(ISBLANK(AK4),"",AK4<AG4) | AO4: Acenaphthylene is a C12 PAH produced during combustion and also manufactured for industrial uses. Combustion sources include the burning of fossil fuels, forest fires, volcanic eruptions, and charbroiling of food. It is used in insecticides, fungicides, and as an intermediate in the manufacture of dyes and plastics. | AQ4: A | AR4: TRUE | AU4: TRUE | AV4: TRUE
A5: Alachlor | B5: Alachlor | C5: C14H20ClNO2 | E5: 15972-60-8 | F5: XCSGPAVHZFQHGE-UHFFFAOYSA-N | G5: Aromatic | H5: Benzene | I5: Derivatized | J5: TRUE | O5: TRUE | P5: 14 | Q5: 1 | R5: 0 | S5: 1 | T5: 0 | AD5: =OR(Glossary!$R5>0,Glossary!$S5>0,Glossary!$T5>0) -> TRUE | AE5: FALSE | AF5: 0 | AG5: 0.002 | AK5: 0.002 | AL5: =IF(ISBLANK(AK5),"",AK5<AG5) -> FALSE | AO5: Alachlor is a synthetic herbicide used in agriculture. It has been used extensively in pre-emergent weed control formulations in crops such as corn, sorghum, and soybeans. It enters drinking water primarily from agricultural runoff. | AR5: TRUE
A6: Anthracene | B6: anthracene | C6: C14H10 | E6: 120-12-7 | F6: MWPLVEDNUUSJAV-UHFFFAOYSA-N | G6: Aromatic | H6: PAH | I6: Anthracene | J6: TRUE | M6: TRUE | N6: TRUE | P6: 14 | Q6: 0 | R6: 0 | S6: 0 | T6: 0 | AD6: =OR(Glossary!$R6>0,Glossary!$S6>0,Glossary!$T6>0) -> FALSE | AE6: FALSE | AL6: =IF(ISBLANK(AK6),"",AK6<AG6) | AO6: Anthracene is a diesel-range PAH (C14) found in coal tar and produced by incomplete combustion processes. It is used in production of dyes and as a component of synthetic fibers and plastics. It occurs in tobacco smoke, vehicle emissions, and other combustion gasses, and is found in surface waters, waste waters, and lake sediments. | AQ6: A | AR6: TRUE | AU6: TRUE | AV6: TRUE
A7: Antimony | B7: antimony | C7: Sb | E7: 7440-36-0 | F7: WATWJIUSRGPENY-UHFFFAOYSA-N | G7: Pure element | H7: Metalloid | I7: Pnictogen (nitrogen group) | P7: 0 | Q7: 0 | R7: 0 | S7: 0 | T7: 0 | AD7: =OR(Glossary!$R7>0,Glossary!$S7>0,Glossary!$T7>0) -> FALSE | AE7: N/A | AF7: 0.006 | AG7: 0.006 | AL7: =IF(ISBLANK(AK7),"",AK7<AG7) | AO7: Antimony is a chemical element found naturally in the form of the mineral stibnite (antimony trisulfide). Pure antimony is used in alloys for solders and a variety of metals, while antimony-containing compounds are commonly used in fire retardants, plastics, textiles, rubber, adhesives, ceramics, paint, and paper. Antimony is also found in petroleum products and most often contaminates drinking water by discharge from petroleum refineries. | AQ7: B | AR7: TRUE | AT7: TRUE | AV7: TRUE
A8: Arsenic | B8: arsenic | C8: As | E8: 7440-38-2 | F8: RQNWIZPPADIBDY-UHFFFAOYSA-N | G8: Pure element | H8: Metalloid | I8: Pnictogen (nitrogen group) | O8: TRUE | P8: 0 | Q8: 0 | R8: 0 | S8: 0 | T8: 0 | AD8: =OR(Glossary!$R8>0,Glossary!$S8>0,Glossary!$T8>0) -> FALSE | AE8: N/A | AF8: 0 | AG8: 0.01 | AK8: 0.01 | AL8: =IF(ISBLANK(AK8),"",AK8<AG8) -> FALSE | AO8: Arsenic is a chemical element used in rat poison, agricultural insecticides, pesticides, and herbicides. Small amounts of arsenic are used in the production of electronics. Major sources in drinking water include naturally-occurring mineral deposits, orchard runoff, and industrial runoff from glass and electronics production. | AQ8: B | AR8: TRUE | AT8: TRUE | AV8: TRUE
A9: Atrazine | B9: Atrazine | C9: C8H14ClN5 | D9: AAtrex | Atranex | Atratol | Atred | Atrex | Attrex | Fenatrol | Griffex | Mebazine | Primatol A | Vectral SC | Weedex | E9: 1912-24-9 | F9: MXWJVTOOROXGIU-UHFFFAOYSA-N | G9: Aromatic | H9: Triazine | J9: TRUE | O9: TRUE | P9: 8 | Q9: 5 | R9: 0 | S9: 1 | T9: 0 | AD9: =OR(Glossary!$R9>0,Glossary!$S9>0,Glossary!$T9>0) -> TRUE | AE9: FALSE | AF9: 0.003 | AG9: 0.003 | AK9: 0.003 | AL9: =IF(ISBLANK(AK9),"",AK9<AG9) -> FALSE | AO9: Atrazine is a synthetic herbicide widely used to control broadleaf weeds and grasses in agricultural crops. It enters the environment and drinking water supplies through agricultural application, runoff and leaching into groundwater and surface water. | AR9: TRUE
A10: Barium | B10: barium | C10: Ba | E10: 7440-39-3 | F10: DSAJWYNOEDNPEQ-UHFFFAOYSA-N | G10: Pure element | H10: Metal | I10: Alkaline earth metal | M10: TRUE | P10: NA | Q10: NA | R10: NA | S10: NA | T10: NA | AD10: =OR(Glossary!$R10>0,Glossary!$S10>0,Glossary!$T10>0) -> TRUE | AE10: N/A | AF10: 2 | AG10: 2 | AK10: 2 | AL10: =IF(ISBLANK(AK10),"",AK10<AG10) -> FALSE | AO10: Barium is a chemical element that is commonly used as a filler for rubber, plastics, and resins. Some of its compounds are used in signal flares, fireworks, drilling fluid, X-ray radiocontrast agents, and rodenticides. It is released from drilling and metal refining operations, and by erosion of natural mineral deposits. | AQ10: B | AR10: TRUE | AT10: TRUE | AV10: TRUE
A11: Benzene | B11: benzene | C11: C6H6 | D11: C6H6 | benzol | benzole | benzolene | E11: 71-43-2 | F11: UHOVQNZJYSORNB-UHFFFAOYSA-N | G11: Aromatic | H11: Benzene | J11: TRUE | K11: TRUE | M11: TRUE | P11: 6 | Q11: 0 | R11: 0 | S11: 0 | T11: 0 | AD11: =OR(Glossary!$R11>0,Glossary!$S11>0,Glossary!$T11>0) -> FALSE | AE11: FALSE | AF11: 0 | AG11: 0.005 | AL11: =IF(ISBLANK(AK11),"",AK11<AG11) | AO11: Benzene is a gasoline range aromatic hydrocarbon (C6) found in petroleum and used as a solvent for fats, oils, inks, paints, rubber, and plastics, and as a chemical intermediate in the manufacture of detergents, explosives, pharmaceuticals, and dyestuffs. Benzene enters water sources via industrial discharge as well as leaching from fuel storage tanks and landfills. | AR11: TRUE | AT11: TRUE | AU11: TRUE | AV11: TRUE
A12: Benzo (a) anthracene | B12: benzo[a]anthracene | C12: C18H12 | D12: benz[a]anthracene | benzanthrene | tetraphene | E12: 56-55-3 | F12: DXBHBZVCASKNBY-UHFFFAOYSA-N | G12: Aromatic | H12: PAH | J12: TRUE | N12: TRUE | P12: 18 | Q12: 0 | R12: 0 | S12: 0 | T12: 0 | AD12: =OR(Glossary!$R12>0,Glossary!$S12>0,Glossary!$T12>0) -> FALSE | AE12: FALSE | AL12: =IF(ISBLANK(AK12),"",AK12<AG12) | AO12: Benzo[a]anthracene is a diesel-range PAH (C18) produced from incomplete combustion of organic materials and found in coal tar, roasted coffee, tobacco smoke, smoked foods, and automobile exhaust. There are no known uses of this compound other than research and it is not produced at scale. | AQ12: A | AR12: TRUE
A13: Benzo (a) pyrene | B13: benzo[a]pyrene | C13: C20H12 | D13: B(a)P | 3,4-BP | 3,4-Benzopyrene | 3,4-Benzpyrene | BP | benzo[a]pyrene | benzo[def]chrysene | benzo[pqr]tetraphene | benzpyrene | E13: 50-32-8 | F13: FMMWHPNWAFZXNH-UHFFFAOYSA-N | G13: Aromatic | H13: PAH | J13: TRUE | N13: TRUE | P13: 20 | Q13: 0 | R13: 0 | S13: 0 | T13: 0 | AD13: =OR(Glossary!$R13>0,Glossary!$S13>0,Glossary!$T13>0) -> FALSE | AE13: FALSE | AF13: 0 | AG13: 0.0002 | AK13: 0.0002 | AL13: =IF(ISBLANK(AK13),"",AK13<AG13) -> FALSE | AO13: Benzo[a]pyrene is a diesel-range PAH (C20) commonly found in coal tar. It is also found in tobacco smoke, vehicle exhaust, industrial emissions, and many foods such as grilled meats, as it is produced from incomplete combustion of organic materials. Benzo[a]pyrene is found in and leaches from asphalt that was historically used to line water storage tanks and distribution lines, which is its primary source as a drinking water contaminant. | AQ13: A | AR13: TRUE | AT13: TRUE | AU13: TRUE | AV13: TRUE
A14: Benzo (b) fluoranthene | B14: benzo[b]fluoranthene | C14: C20H12 | D14: 2,3-Benzfluoranthene | 2,3-Benzofluoranthene | 3,4-Benzfluoranthene | B(b)F | BF | Benz(e)acephenanthrylene | Benzo(''b'')fluoranthene | benz[e]acephenanthrylene | E14: 205-99-2 | F14: FTOVXSOBNPWTSH-UHFFFAOYSA-N | G14: Aromatic | H14: PAH | J14: TRUE | N14: TRUE | P14: 20 | Q14: 0 | R14: 0 | S14: 0 | T14: 0 | AD14: =OR(Glossary!$R14>0,Glossary!$S14>0,Glossary!$T14>0) -> FALSE | AE14: FALSE | AL14: =IF(ISBLANK(AK14),"",AK14<AG14) | AO14: Benzo[b]fluoranthene is a diesel-range PAH (C20) commonly found in fossil fuels and petroleum products. It is also found in tobacco smoke, vehicle exhaust, and industrial emissions as it is produced from incomplete combustion of organic materials. | AQ14: A | AR14: TRUE | AU14: TRUE | AV14: TRUE
A15: Benzo (g,h,i) perylene | B15: benzo[ghi]perhylene | C15: C22H12 | D15: 1,12-benzoperylene | benzo(ghi)perilene | E15: 191-24-2 | F15: GYFAGKUZYNFMBN-UHFFFAOYSA-N | G15: Aromatic | H15: PAH | J15: TRUE | N15: TRUE | P15: 22 | Q15: 0 | R15: 0 | S15: 0 | T15: 0 | AD15: =OR(Glossary!$R15>0,Glossary!$S15>0,Glossary!$T15>0) -> FALSE | AE15: FALSE | AL15: =IF(ISBLANK(AK15),"",AK15<AG15) | AO15: Benzo[ghi]perylene is a diesel-range PAH (C22) commonly found in coal tar and crude oil. It is also found in tobacco smoke, vehicle exhaust, and industrial emissions as it is produced from incomplete combustion of organic materials. | AQ15: A | AR15: TRUE | AU15: TRUE | AV15: TRUE
A16: Benzo (k) fluoranthene | B16: benzo[k]fluoranthene | C16: C20H12 | D16: 11,12-Benzofluoranthene | Benzo(''k'')fluoranthene | E16: 207-916-6 | F16: HAXBIWFMXWRORI-UHFFFAOYSA-N | G16: Aromatic | H16: PAH | J16: TRUE | N16: TRUE | P16: 20 | Q16: 0 | R16: 0 | S16: 0 | T16: 0 | AD16: =OR(Glossary!$R16>0,Glossary!$S16>0,Glossary!$T16>0) -> FALSE | AE16: FALSE | AL16: =IF(ISBLANK(AK16),"",AK16<AG16) | AO16: Benzo[k]fluoranthene is a diesel-range PAH (C20) commonly found in coal tar and crude oil. It is also found in tobacco smoke, vehicle exhaust, and industrial emissions as it is produced from incomplete combustion of organic materials. | AQ16: A | AR16: TRUE | AU16: TRUE | AV16: TRUE
A17: Dibenzo (a,h) anthracene | B17: benzo[k]tetraphene | C17: C22H14 | D17: dibenzo[a,h]anthracene | DBA | E17: 53-70-3 | F17: LHRCREOYAASXPZ-UHFFFAOYSA-N | G17: Aromatic | H17: PAH | J17: TRUE | N17: TRUE | P17: 22 | Q17: 0 | R17: 0 | S17: 0 | T17: 0 | AD17: =OR(Glossary!$R17>0,Glossary!$S17>0,Glossary!$T17>0) -> FALSE | AE17: FALSE | AL17: =IF(ISBLANK(AK17),"",AK17<AG17) | AO17: Benzo[k]tetraphene is a diesel-range PAH (C22) commonly found in coal tar and crude oil. It is also found in tobacco smoke, vehicle exhaust, and industrial emissions as it is produced from incomplete combustion of organic materials. | AQ17: A | AR17: TRUE | AU17: TRUE | AV17: TRUE
A18: Beryllium | B18: beryllium | C18: Be | E18: 7440-41-7 | F18: ATBAMAFKBVZNFJ-UHFFFAOYSA-N | G18: Pure element | H18: Metal | I18: Alkaline earth metal | P18: 0 | Q18: 0 | R18: 0 | S18: 0 | T18: 0 | AD18: =OR(Glossary!$R18>0,Glossary!$S18>0,Glossary!$T18>0) -> FALSE | AE18: N/A | AF18: 0.004 | AG18: 0.004 | AL18: =IF(ISBLANK(AK18),"",AK18<AG18) | AO18: Beryllium is a chemical element naturally found in minerals, rocks, coal, soil, and volcanic dust. Its alloys with other metals are used as electrical components, tools, and structural components, especially in aircraft, missiles, and satellites. Beryllium can contaminate drinking water sources by release from industrial operations (coal-burning power plants and factories and the metal refining, electrical, aerospace, and defense industries). | AR18: TRUE | AT18: TRUE | AV18: TRUE
A19: Bis(2-ethylhexyl)adipate | B19: bis(2-ethylhexyl)adipate | C19: C22H42O4 | D19: BEHA | DEHA | diethylhexyl adipate | E19: 103-23-1 | F19: SAOKZLXYCUGLFA-UHFFFAOYSA-N | G19: Aliphatic | H19: Alkane | I19: Branched | P19: 22 | Q19: 0 | R19: 0 | S19: 0 | T19: 0 | AA19: 2 | AD19: =OR(Glossary!$R19>0,Glossary!$S19>0,Glossary!$T19>0) -> FALSE | AE19: FALSE | AF19: 0.4 | AG19: 0.4 | AK19: 0.4 | AL19: =IF(ISBLANK(AK19),"",AK19<AG19) -> FALSE | AO19: A synthetic organic compound widely used as a plasticizer to increase flexibility in plastics, particularly in polyvinyl chloride (PVC) food-packaging materials. As a solvent it is used as a component of aircraft lubricants and in hydraulic fluids. Bis(2-ethylhexyl)adipate contaminates drinking water through discharge from chemical factories. | AR19: TRUE
A20: Bis(2-ethylhexyl)phthalate | B20: bis(2-ethylhexyl)phthalate | C20: C24H38O4 | D20: DEHP | diethylhexyl phthalate | E20: 117-81-7 | F20: BJQHLKABXJIVAM-UHFFFAOYSA-N | G20: Aromatic | H20: Benzene | I20: Derivatized | J20: TRUE | P20: 24 | Q20: 0 | R20: 0 | S20: 0 | T20: 0 | AA20: 2 | AD20: =OR(Glossary!$R20>0,Glossary!$S20>0,Glossary!$T20>0) -> FALSE | AE20: FALSE | AF20: 0 | AG20: 0.006 | AK20: 0.006 | AL20: =IF(ISBLANK(AK20),"",AK20<AG20) -> FALSE | AO20: Bis(2-ethylhexyl)phthalate is a synthetic organic compound widely used as a plasticizer to increase flexibility in plastics, particularly in polyvinyl chloride (PVC). It is also used as a hydraulic fluid and dielectric fluid in electrical capacitors. Bis(2-ethylhexyl)phthalate contaminates drinking water through discharge from chemical factories. | AR20: TRUE | AT20: TRUE | AV20: TRUE
A21: Bromate | B21: bromate | C21: BrO3 − | E21: 15541-45-4 | F21: SXDBWCPKPHAZSM-UHFFFAOYSA-M | G21: Inorganic compound | L21: TRUE | P21: 0 | Q21: 0 | R21: 0 | S21: 0 | T21: 0 | AD21: TRUE | AE21: FALSE | AF21: 0 | AG21: 0.01 | AL21: =IF(ISBLANK(AK21),"",AK21<AG21) | AO21: Bromate is an ion composed of bromine and oxygen. Bromate-containing compounds have a variety of uses, but it is present in drinking water most commonly as a disinfection byproduct produced by reaction of ozone, used as an anti-microbial treatment, with naturally occurring bromide. | AU21: TRUE | AW21: TRUE
A22: Bromide | B22: bromide | C22: Br − | E22: 24959-67-9 | F22: CPELXLSAUQHCOX-UHFFFAOYSA-M | G22: Pure element | H22: Nonmetal | I22: Halogen | P22: 0 | Q22: 0 | R22: 0 | S22: 0 | T22: 1 | AD22: TRUE | AE22: N/A | AL22: =IF(ISBLANK(AK22),"",AK22<AG22) | AO22: Bromide is the anionic (negatively charged) form of bromine, a chemical element and halogen. It is most commonly found in seawater, some fossil fuels, and some relatively rarae minerals. In coastal regions, bromide levels in groundwater are usually higher than in inland areas, owing to seawater intrusion into the groundwater aquifer. Bromide in a water source can form bromine-containing disinfection byproducts when water is treated with an oxidizer such as free chlorine to kill microbes. | AU22: TRUE | AW22: TRUE
A23: Bromobenzene | B23: bromobenzene | C23: C6H5Br | D23: PhBr | monobromobenzene | phenyl bromide | E23: 108-86-1 | F23: QARVLSVVCXYDNA-UHFFFAOYSA-N | G23: Aromatic | H23: Benzene | I23: Halogenated | J23: TRUE | P23: 6 | Q23: 0 | R23: 0 | S23: 0 | T23: 1 | AD23: =OR(Glossary!$R21>0,Glossary!$S21>0,Glossary!$T21>0) -> FALSE | AE23: FALSE | AL23: =IF(ISBLANK(AK23),"",AK23<AG23) | AO23: Bromobenzene is an organic compound commonly used as a solvent for large scale crystallization and as a reagent in organic synthesis. It is mainly found in chemical laboratories and industrial manufacturing processes, and is used in the production of pharmaceuticals and other organic chemicals. | AR23: TRUE
A24: Bromochloromethane | B24: bromochloromethane | C24: CH2BrCl | D24: CB | CBM | Chlorobromomethane | Fluorocarbon 1011 | Halon 1011 | Methyl chlorobromide | chloromethyl bromide | monochloromonobromomethane | E24: 74-97-5 | F24: JPOXNPPZZKNXOV-UHFFFAOYSA-N | G24: Aliphatic | H24: Alkane | I24: Linear | P24: 1 | Q24: 0 | R24: 0 | S24: 1 | T24: 1 | AD24: =OR(Glossary!$R22>0,Glossary!$S22>0,Glossary!$T22>0) -> TRUE | AE24: TRUE | AL24: =IF(ISBLANK(AK24),"",AK24<AG24) | AO24: Bromochloromethane is a synthetic organic compound that is primarily used as a fire-extinguishing agent, as a solvent, and as an intermediate in the manufacture of some insecticides. It is mainly found in industrial fire protection systems and equipment. | AR24: TRUE
A25: Bromodichloromethane | B25: bromodichloromethane | C25: CHBrCl2 | E25: 75-27-4 | F25: FMWLUWPQPKEARP-UHFFFAOYSA-N | G25: Aliphatic | H25: Alkane | I25: Linear | L25: TRUE | P25: 1 | Q25: 0 | R25: 0 | S25: 2 | T25: 1 | AD25: =OR(Glossary!$R23>0,Glossary!$S23>0,Glossary!$T23>0) -> TRUE | AE25: TRUE | AF25: 0 | AH25: MCL as a class, see TTHMs | AL25: =IF(ISBLANK(AK25),"",AK25<AG25) | AO25: Bromodichloromethane is a synthetic organic compound and trihalomethane commonly formed as a disinfection byproduct when chlorine is used to treat water. It is also used as a reagent and intermediate in organic synthesis, as a fire extinguishing agent, a solvent for fats, waxes, and resins, and as a heavy liquid for mineral and salt separations. | AR25: TRUE | AV25: TRUE
A26: Bromoform | B26: bromoform | C26: CHBr3 | D26: tribromomethane | E26: 75-25-2 | F26: DIKBFYAXUHHXCS-UHFFFAOYSA-N | G26: Aliphatic | H26: Alkane | I26: Linear | L26: TRUE | P26: 1 | Q26: 0 | R26: 0 | S26: 0 | T26: 3 | AD26: =OR(Glossary!$R24>0,Glossary!$S24>0,Glossary!$T24>0) -> TRUE | AE26: TRUE | AF26: 0 | AH26: MCL as a class, see TTHMs | AL26: =IF(ISBLANK(AK26),"",AK26<AG26) | AO26: Bromoform is an organic compound and trihalomethane formed naturally by marine algae. It has been used as a solvent for waxes and oils, and in shipbuilding, aircraft, and aerospace industries and as a fire-suppressing chemical in fire extinguishers. In drinking water, bromoform is produced as a disinfection byproduct when certain disinfectants react with bromide naturally present in the source water. | AR26: TRUE | AV26: TRUE
A27: Bromomethane | B27: bromomethane | C27: CH3Br | D27: Embafume | Halon 1001 | methyl bromide | E27: 74-83-9 | F27: GZUXJHMPEANEGY-UHFFFAOYSA-N | G27: Aliphatic | H27: Alkane | I27: Linear | O27: TRUE | P27: 1 | Q27: 0 | R27: 0 | S27: 0 | T27: 1 | AD27: =OR(Glossary!$R25>0,Glossary!$S25>0,Glossary!$T25>0) -> TRUE | AE27: TRUE | AL27: =IF(ISBLANK(AK27),"",AK27<AG27) | AM27: TRUE | AO27: Bromomethane is an organic compound produced naturally in small amounts by algae and kelp, and it is widely used as a soil fumigant and pesticide in agriculture. It is also used in industrial applications including chemical synthesis and as a refrigerant and fire extinguishing agent | AR27: TRUE
A28: 2-Butanone | B28: butanone, 2- | C28: C4H8O | D28: 2-butanone | methyl ethyl ketone | MEK | butan-2-one | ethyl methyl ketone | methyl acetone | oxobutane | E28: 78-93-3 | F28: ZWEHNKRNPOVVGH-UHFFFAOYSA-N | G28: Aliphatic | H28: Alkane | I28: Linear | P28: 4 | Q28: 0 | R28: 0 | S28: 0 | T28: 0 | Y28: 1 | AD28: =OR(Glossary!$R26>0,Glossary!$S26>0,Glossary!$T26>0) -> TRUE | AE28: FALSE | AL28: =IF(ISBLANK(AK28),"",AK28<AG28) | AO28: 2-butanone is a common organic solvent used in processes involving gums, resins, cellulose materials, and surface coatings, and found in products like paints, varnishes, adhesives, and cleaning agents. It is also used in the synthetic rubber, plastics, and textiles industries, and for degreasing and oil extraction applications. | AR28: TRUE
A29: n-Butylbenzene | B29: butylbenzene, n- | C29: C10H14 | D29: 1-phenylbutane | butylbenzene | E29: 104-51-8 | F29: OCKPCBLVNKHBMX-UHFFFAOYSA-N | G29: Aromatic | H29: Benzene | I29: Alkylated | J29: TRUE | P29: 10 | Q29: 0 | R29: 0 | S29: 0 | T29: 0 | AD29: =OR(Glossary!$R27>0,Glossary!$S27>0,Glossary!$T27>0) -> TRUE | AE29: FALSE | AL29: =IF(ISBLANK(AK29),"",AK29<AG29) | AO29: n-butylbenzene is a C10 aromatic hydrocarbon used in organic synthesis (including pesticide manufacturing), as a solvent for coating materials, and as a plasticizer, surface active agent, and polymer linking agent in plastic production. It is commonly found in asphalt and naphtha. | AR29: TRUE | AU29: TRUE | AV29: TRUE
A30: sec-Butylbenzene | B30: butylbenzene, s- | C30: C10H14 | D30: (1-Methylpropyl)benzene | 2-Phenylbutane | s-butylbenzene | secondary butylbenzene | E30: 135-98-8 | F30: ZJMWRROPUADPEA-UHFFFAOYSA-N | G30: Aromatic | H30: Benzene | I30: Alkylated | J30: TRUE | P30: 10 | Q30: 0 | R30: 0 | S30: 0 | T30: 0 | AD30: =OR(Glossary!$R28>0,Glossary!$S28>0,Glossary!$T28>0) -> FALSE | AE30: FALSE | AL30: =IF(ISBLANK(AK30),"",AK30<AG30) | AO30: sec-butylbenzene is a C10 aromatic hydrocarbon used in organic synthesis, as a solvent for coating materials, and as a plasticizer and surface active agent. It can be found in crude oil, vehicle emissions, ambient air, and may be released heated plastics. | AR30: TRUE | AU30: TRUE | AV30: TRUE
A31: tert-Butylbenzene | B31: butylbenzene, t- | C31: C10H14 | D31: tertiary butylbenzene | t-butylbenzene | 1,1-dimethylethylbenzene | E31: 98-06-6 | F31: YTZKOQUCBOVLHL-UHFFFAOYSA-N | G31: Aromatic | H31: Benzene | I31: Alkylated | J31: TRUE | P31: 10 | Q31: 0 | R31: 0 | S31: 0 | T31: 0 | AD31: =OR(Glossary!$R29>0,Glossary!$S29>0,Glossary!$T29>0) -> FALSE | AE31: FALSE | AL31: =IF(ISBLANK(AK31),"",AK31<AG31) | AO31: tert-butylbenzene is a C10 aromatic hydrocarbon used as a solvent and polymer-linking agent in organic synthesis. It has also been found in landfill gas. | AR31: TRUE | AU31: TRUE | AV31: TRUE
A32: Cadmium | B32: cadmium | C32: Cd | E32: 7440-43-9 | F32: BDOSMKKIYDKNTQ-UHFFFAOYSA-N | G32: Pure element | H32: Metal | I32: Transition metal (group 12) | P32: 0 | Q32: 0 | R32: 0 | S32: 0 | T32: 0 | AD32: =OR(Glossary!$R30>0,Glossary!$S30>0,Glossary!$T30>0) -> FALSE | AE32: N/A | AF32: 0.005 | AG32: 0.005 | AK32: 0.005 | AL32: =IF(ISBLANK(AK32),"",AK32<AG32) -> FALSE | AO32: Cadmium is a chemical element and metal used in electroplating, pigments, batteries, plastics, and corrosion-resistant coatings. It is also used in alloys, solders, Ni-Cd batteries, and nuclear reactor control systems, and can be released into the air through fossil fuel burning and waste incineration. Cadmium can be released into drinking water by corrosion of galvanized piping, erosion of natural minerals, and industrial discharge (metal refining, waste batteries & paints). | AQ32: B | AR32: TRUE | AT32: TRUE | AV32: TRUE
A33: Calcium | B33: calcium | C33: Ca 2+ | E33: 14127-61-8 | 7440-70-2 | F33: BHPQYMZQTOCNFJ-UHFFFAOYSA-N | G33: Pure element | H33: Metal | I33: Alkaline earth metal | P33: 0 | Q33: 0 | R33: 0 | S33: 0 | T33: 0 | AD33: FALSE | AE33: N/A | AL33: =IF(ISBLANK(AK33),"",AK33<AG33) | AO33: Calcium is a chemical element and metal. It is the fifth most abundant element in the earth’s crust and is a major component of many rocks and minerals, including the minerals that make up the shells of shellfish and the exoskeletons of corals. Calcium is an essential dietary mineral and is one of the water components that cause “hard” water. Evidence suggests that elevated calcium in drinking water may actually be beneficial to human health. Calcium in drinking water comes from the erosion of natural calcium-containing minerals. | AQ33: C | AU33: TRUE | AW33: TRUE
A34: Carbon tetrachloride | B34: carbon tetrachloride | C34: CCl4 | D34: carbon chloride | carbon tet | F10 | Freon 10 | Halon 104 |methane tetrachloride | Necatorina | perchloromethane | R10 | Refrigerant R10 | Tetra | Tetrachloromethane | Tetrasol | Thawpit | Univerm | Vermoestricid | tetrachloridocarbon | E34: 56-23-5 | F34: VZGDMQKNWNREIO-UHFFFAOYSA-N | G34: Aliphatic | H34: Alkane | I34: Linear | P34: 1 | Q34: 0 | R34: 0 | S34: 4 | T34: 0 | AD34: =OR(Glossary!$R31>0,Glossary!$S31>0,Glossary!$T31>0) -> FALSE | AE34: TRUE | AF34: 0 | AG34: 0.005 | AL34: =IF(ISBLANK(AK34),"",AK34<AG34) | AM34: TRUE | AO34: Carbon tetrachloride is a chemical compound that is an excellent solvent and was consequently used in a wide variety of applications; used broadly as a solvent, it is also non-flammable and was used as a fire extinguishing fluid, it also found use as a grain fumigant. Owing to its toxicity and environmental impact, especially its ozone-depleting nature, its use today has been greatly curtailed and continuing uses are highly regulated. It is used in the production of refrigerants and as a blowing agent. Carbon tetrachloride contaminantes drinking water through discharge from industrial activities. | AR34: TRUE | AT34: TRUE | AV34: TRUE
A35: Chlorate | B35: chlorate | C35: ClO3 − | E35: 14866-68-3 | F35: XTEGARKTQYYJKE-UHFFFAOYSA-M | G35: Inorganic compound | L35: TRUE | P35: 0 | Q35: 0 | R35: 0 | S35: 1 | T35: 0 | AD35: TRUE | AE35: FALSE | AL35: =IF(ISBLANK(AK35),"",AK35<AG35) | AO35: Chlorate is an ion composed of chlorine and oxygen. It occurs naturally in some minerals and is used in a variety of Chlorate-containing compounds have a variety of uses, but it is present in drinking water most commonly as a disinfection byproduct produced from the use of chlorine dioxide as an anti-microbial water treatment. | AU35: TRUE | AW35: TRUE
A36: alpha-Chlordane | B36: Chlordane, α- | C36: C10H6Cl8 | D36: chlordane, cis- | chlordane, α- | E36: 5103-71-9 | F36: BIWJNBZANLAXMG-IQEDOFJGSA-N | G36: Aliphatic | H36: Alkene | I36: Cyclic | O36: TRUE | P36: 10 | Q36: 0 | R36: 0 | S36: 8 | T36: 0 | AD36: =OR(Glossary!$R32>0,Glossary!$S32>0,Glossary!$T32>0) -> FALSE | AE36: FALSE | AF36: 0 | AG36: 0.002 | AH36: Component of chlordane, which is the regulated pollutant | AK36: 0.002 | AL36: =IF(ISBLANK(AK36),"",AK36<AG36) -> FALSE | AN36: A | AO36: alpha-chlordane is a synthetic compound and component of the pesticide chlordane. It was primarily used to control termites, agricultural pests, and household insects, but is now banned and restricted from use in the United States. Chlordane residue is highly persistent in the environment and is still found contaminating some drinking water sources today despite having been banned since 1988. | AP36: Pure compound, not to be confused with chlordane as a product, which contains chlordane, heptachlor, and nonachlor | AR36: TRUE
A37: gamma-Chlordane | B37: Chlordane, γ- | C37: C10H6Cl8 | D37: chlordane, trans- | chlordane, γ- | chlordane, beta- | chlordane, β- | E37: 5103-74-2 | F37: JBZJEPYXXVKOKF-UHFFFAOYSA-N | G37: Aliphatic | H37: Alkene | I37: Cyclic | O37: TRUE | P37: 10 | Q37: 0 | R37: 0 | S37: 8 | T37: 0 | AD37: =OR(Glossary!$R33>0,Glossary!$S33>0,Glossary!$T33>0) -> FALSE | AE37: FALSE | AF37: 0 | AG37: 0.002 | AH37: Component of chlordane, which is the regulated pollutant | AK37: 0.002 | AL37: =IF(ISBLANK(AK37),"",AK37<AG37) -> FALSE | AN37: A | AO37: gamma-chlordane is a synthetic organochlorine compound and component of the pesticide chlordane. It was primarily used to control termites, agricultural pests, and household insects, but it is now banned or limited to very restricted use and is no longer produced for commercial use in the United States. Chlordane residue is highly persistent in the environment and is still found contaminating some drinking water sources today despite having been banned since 1988. | AP37: Pure compound, not to be confused with chlordane as a product, which contains chlordane, heptachlor, and nonachlor. Note that the nomenclature of chlordane compounds is somewhat sloppy. This compound, referred to by CASRN 5103-74-2, is referred to as both beta- and gamma-Chlordane. A separate compound, CASRN 5566-34-7, is also referred to as gamma-Chlordane, despite being chemically distinct. | AR37: TRUE
A38: Chloride | B38: chloride | C38: Cl − | E38: 15541-45-4 | F38: SXDBWCPKPHAZSM-UHFFFAOYSA-M | G38: Pure element | H38: Nonmetal | I38: Halogen | P38: 0 | Q38: 0 | R38: 0 | S38: 1 | T38: 0 | AD38: TRUE | AE38: N/A | AI38: 250 | AL38: =IF(ISBLANK(AK38),"",AK38<AG38) | AO38: Chloride is the anionic (negatively charged) form of chlorine, a chemical element and halogen. It is a common ion found in rocks, soils, and is the major component of dietary salt (sodium chloride), which is the salt found in the ocean. Chloride is found in road salt and a large number of industrial and commercial chemicals. Chloride can be introduced into drinking water by dissolution of natural mineral deposits, infiltration of seawater into a well, and discharge from industrial processes or sewage. Chloride is naturally present in drinking water systems treated with free chlorine, which produces chloride as a product of certain reactions. Some other water treatment chemicals, including some water softener salts, also contain chloride. Elevated chloride in water may contribute to a salty taste. | AU38: TRUE | AW38: TRUE
A39: Free chlorine | B39: chlorine, free | C39: NA | G39: Inorganic compound | P39: 0 | Q39: 0 | R39: 0 | S39: 1 | T39: 0 | AD39: TRUE | AE39: FALSE | AF39: 0.8 | AG39: 0.8 | AH39: MRDL(G), not MCL(G) | AL39: =IF(ISBLANK(AK39),"",AK39<AG39) | AO39: Chlorine is added to drinking water to kill microbes that can cause disease. Excessive chlorine can be hazardous both directly and through increased disinfection byproduct formation. | AT39: TRUE | AU39: TRUE
A40: Chlorite | B40: chlorite | C40: ClO2 − | E40: 14998-27-7 | F40: QBWCMBCROVPCKQ-UHFFFAOYSA-M | G40: Inorganic compound | L40: TRUE | P40: 0 | Q40: 0 | R40: 0 | S40: 1 | T40: 0 | AD40: TRUE | AE40: FALSE | AF40: 0.8 | AG40: 1 | AL40: =IF(ISBLANK(AK40),"",AK40<AG40) | AO40: Chlorite is an ion composed of chlorine and oxygen. It is used as a precursor to chlorine dioxide, which is used in water disinfection, and produced as a disinfection byproduct when chlorine dioxide is used to treat water. Note: While the term “chlorite” is also used to describe a group of minerals, these minerals do not contain any form of chlorine and are instead named for their green color (from the Greek chloros, meaning “green”). | AU40: TRUE | AW40: TRUE
A41: Chlorobenzene | B41: chlorobenzene | C41: C6H5Cl | D41: MCB | PhCl | benzene chloride | phenyl chloride | E41: 108-90-7 | F41: MVPPADPHJFYWMZ-UHFFFAOYSA-N | G41: Aromatic | H41: Benzene | I41: Halogenated | J41: TRUE | P41: 6 | Q41: 0 | R41: 0 | S41: 1 | T41: 0 | AD41: =OR(Glossary!$R34>0,Glossary!$S34>0,Glossary!$T34>0) -> TRUE | AE41: FALSE | AF41: 0.1 | AG41: 0.1 | AL41: =IF(ISBLANK(AK41),"",AK41<AG41) | AO41: Chlorobenzene is a synthetic organic chemical compound used mainly as an industrial solvent and as an intermediate in the production of pesticides, herbicides, coatings such as bitumen and asphalt, and as an intermediate in the production of dyes, rubber, and pharmaceuticals. Chlorobenzene can contaminate drinking water sources through discharge from chemical factories. | AR41: TRUE | AT41: TRUE | AV41: TRUE
A42: Chloroethane | B42: chloroethane | C42: C2H5Cl | D42: ethyl chloride | monochloroethane | E42: 75-00-3 | F42: HRYZWHHZPQKTII-UHFFFAOYSA-N | G42: Aliphatic | H42: Alkane | I42: Linear | P42: 2 | Q42: 0 | R42: 0 | S42: 1 | T42: 0 | AD42: =OR(Glossary!$R35>0,Glossary!$S35>0,Glossary!$T35>0) -> TRUE | AE42: TRUE | AL42: =IF(ISBLANK(AK42),"",AK42<AG42) | AO42: Chloroethane is a synthetic chlorinated hydrocarbon used as an industrial chemical intermediate and formerly used as a refrigerant and aerosol propellant. It is used as a solvent and in the manufacture of dyes, chemicals and foamed plastics. | AR42: TRUE
A43: Vinyl chloride | B43: chloroethene | C43: C2H3Cl | D43: VC | VCM | chloroethene | chloroethylene | E43: 75-01-4 | F43: BZHJMEDXRYGGRV-UHFFFAOYSA-N | G43: Aliphatic | H43: Alkene | I43: Linear | P43: 2 | Q43: 0 | R43: 0 | S43: 1 | T43: 0 | AD43: =OR(Glossary!$R36>0,Glossary!$S36>0,Glossary!$T36>0) -> TRUE | AE43: FALSE | AF43: 0 | AG43: 0.002 | AL43: =IF(ISBLANK(AK43),"",AK43<AG43) | AO43: Vinyl chloride is a synthetic organic chemical compound used primarily as a chemical intermediate in the production of polyvinyl chloride (PVC), a material used in automotive parts, packaging, plumbing, furniture, and construction materials. Contamination of drinking water by vinyl chloride occurs by leaching from PVC pipes and discharge from plastic factories. Vinyl chloride has recently been in the public eye as a result of the 2023 East Palestine, OH train derailment. | AR43: TRUE | AT43: TRUE | AV43: TRUE
A44: Chloroform | B44: chloroform | C44: CHCl3 | D44: trichloromethane | Freon 20 | Refrigerant 20 | E44: 67-66-3 | F44: HEDRZPFGACZZDS-UHFFFAOYSA-N | G44: Aliphatic | H44: Alkane | I44: Linear | L44: TRUE | P44: 1 | Q44: 0 | R44: 0 | S44: 3 | T44: 0 | AD44: =OR(Glossary!$R37>0,Glossary!$S37>0,Glossary!$T37>0) -> TRUE | AE44: TRUE | AF44: 0.07 | AH44: MCL as a class, see TTHMs | AL44: =IF(ISBLANK(AK44),"",AK44<AG44) | AO44: Chloroform is a synthetic organic compound used as an industrial solvent and as an intermediate in the production of refrigerants and fluoropolymers. It is mainly used in controlled industrial processes including chemical manufacturing and laboratory applications. Chloroform is also formed as a disinfection byproduct when chlorine in the drinking water system reacts with dissolved organic matter. | AR44: TRUE | AV44: TRUE
A45: Chloromethane | B45: chloromethane | C45: CH3Cl | D45: R-40 | chloromethane | methyl chloride | E45: 74-87-3 | F45: NEHMKBQYUWJMIP-UHFFFAOYSA-N | G45: Aliphatic | H45: Alkane | I45: Linear | P45: 1 | Q45: 0 | R45: 0 | S45: 1 | T45: 0 | AD45: =OR(Glossary!$R38>0,Glossary!$S38>0,Glossary!$T38>0) -> TRUE | AE45: TRUE | AL45: =IF(ISBLANK(AK45),"",AK45<AG45) | AO45: Chloromethane is a volatile organic compound primarily used as a chemical intermediate in the production of silicones and methylcellulose. It is also used in extraction of greases, oils, and resins, and as a herbicide | AR45: TRUE
A46: 2-Chlorotoluene | B46: chlorotoluene, 2- | C46: C7H7Cl | D46: 2-chloro-1-methylbenzene | o-chlorotoluene | o-tolyl chloride | E46: 95-49-8 | F46: IBSQPLPBRSHTTG-UHFFFAOYSA-N | G46: Aromatic | H46: Benzene | I46: Alkylated | J46: TRUE | P46: 7 | Q46: 0 | R46: 0 | S46: 1 | T46: 0 | AD46: =OR(Glossary!$R39>0,Glossary!$S39>0,Glossary!$T39>0) -> TRUE | AE46: FALSE | AL46: =IF(ISBLANK(AK46),"",AK46<AG46) | AO46: 2-chlorotoluene is a chlorinated hydrocarbon used as a chemical intermediate and as a solvent in the manufacturing of agrochemicals such as dye production, pesticides, and household draining products. | AR46: TRUE
A47: 4-Chlorotoluene | B47: chlorotoluene, 4- | C47: C7H7Cl | D47: p-chlorotoluene | 3-chloro-1-methylbenzene | p-tolyl chloride | E47: 106-43-4 | F47: NPDACUSDTOMAMK-UHFFFAOYSA-N | G47: Aromatic | H47: Benzene | I47: Alkylated | J47: TRUE | P47: 7 | Q47: 0 | R47: 0 | S47: 1 | T47: 0 | AD47: =OR(Glossary!$R40>0,Glossary!$S40>0,Glossary!$T40>0) -> TRUE | AE47: FALSE | AL47: =IF(ISBLANK(AK47),"",AK47<AG47) | AO47: 4-chlorotoluene is a chlorinated hydrocarbon used as an intermediate in the manufacturing of dyes, pesticides and pharmaceutical compounds. It is also used as a solvent in coatings such as paints, varnishes, lacquers, and sealants. | AR47: TRUE
A48: Chromium | B48: chromium | C48: Cr 3+ | Cr 6+ | E48: 16065-83-1 | 18540-29-9 | 7440-47-3 | F48: BFGKITSFLPAWGI-UHFFFAOYSA-N | JOPOVCBBYLSVDA-UHFFFAOYSA-N | G48: Pure element | H48: Metal | I48: Transition metal (group 6) | M48: TRUE | P48: 0 | Q48: 0 | R48: 0 | S48: 0 | T48: 0 | AD48: FALSE | AE48: N/A | AF48: 0.1 | AG48: 0.1 | AL48: =IF(ISBLANK(AK48),"",AK48<AG48) | AO48: Chromium is a chemical element and metal. It is primarily used in stainless steel and “chrome plating” of other metals. Chromium is also used in leather tanning, ceramics & glasses, photography, fungicides, and certain catalysts. Chromium in drinking water occurs as one of two ions, Cr(III) with 3+ charge and Cr(VI) with a 6+ charge. Cr(III) is a non-toxic dietary mineral found naturally in many foods. Cr(VI) is hazardous to human health, occurring naturally in certain minerals and artificially as a result of industrial activity. | AQ48: C | AT48: TRUE | AV48: TRUE
A49: Chrysene | B49: chrysene | C49: C18H12 | D49: benzophenanthrene, 1,2- | benzo[a]phenanthrene | E49: 218-01-9 | F49: WDECIBYCCFPHNR-UHFFFAOYSA-N | G49: Aromatic | H49: PAH | J49: TRUE | N49: TRUE | P49: 18 | Q49: 0 | R49: 0 | S49: 0 | T49: 0 | AD49: =OR(Glossary!$R41>0,Glossary!$S41>0,Glossary!$T41>0) -> TRUE | AE49: FALSE | AL49: =IF(ISBLANK(AK49),"",AK49<AG49) | AO49: Chrysene is a diesel range polycyclic aromatic hydrocarbon (PAH) found in coal tar and formed as a byproduct of incomplete combustion of organic materials. It is primarily used as a research chemical and as a component of creosote. | AQ49: A | AR49: TRUE | AU49: TRUE | AV49: TRUE
A50: Conductivity | B50: conductivity | C50: NA | G50: Non-compound measurement | P50: NA | Q50: NA | R50: NA | S50: NA | T50: NA | AD50: N/A | AE50: N/A | AL50: =IF(ISBLANK(AK50),"",AK50<AG50) | AO50: Conductivity is a measurement of the ability of a water sample to pass electrical current, which is related to the amount of charged particles (ions) present in the water. Because conductivity can be measured very inexpensively, it is a good screening measurement that can indicate the presence of elevated salts, acids, or other charged contaminants. A conductivity measurement can not detect a specific contaminant but can indicate the need for further testing and water treatment. | AU50: TRUE
A51: Copper | B51: copper | C51: Cu | E51: 7440-50-8 | F51: RYGMFSIKBFXOCR-UHFFFAOYSA-N | G51: Pure element | H51: Metal | I51: Transition metal (group 11) | M51: TRUE | P51: 0 | Q51: 0 | R51: 0 | S51: 0 | T51: 0 | AD51: =OR(Glossary!$R42>0,Glossary!$S42>0,Glossary!$T42>0) -> TRUE | AE51: N/A | AF51: 1.3 | AH51: TT, AL = 1.3 | AI51: 1 | AK51: AL = 1.3 | AL51: =IF(ISBLANK(AK51),"",AK51<AG51) -> FALSE | AO51: Copper is a chemical element and metal that is widely used in electrical wiring and plumbing. It is also used in alloys, coatings and can be released into the environment through mining, smelting and industrial processes. Copper in drinking water is most often present due to corrosion of copper piping or erosion of natural minerals. | AQ51: B | AR51: TRUE | AT51: TRUE | AU51: TRUE | AV51: TRUE
A52: 1,2-Dibromo-3-chloropropane | B52: dibromo-3-chloropropane, 1,2- | C52: C3H5Br2Cl | D52: DBCP | dibromochloropropane | E52: 96-12-8 | F52: WBEJYOJJBDISQU-UHFFFAOYSA-N | G52: Aliphatic | H52: Alkane | I52: Linear | O52: TRUE | P52: 3 | Q52: 0 | R52: 0 | S52: 1 | T52: 2 | AD52: =OR(Glossary!$R43>0,Glossary!$S43>0,Glossary!$T43>0) -> TRUE | AE52: TRUE | AF52: 0 | AG52: 0.0002 | AL52: =IF(ISBLANK(AK52),"",AK52<AG52) | AO52: 1,2-dibromo-3-chloropropane is an organic compound that was widely used as a soil fumigant in agriculture to control nematodes. Its usage has been discontinued due to health risk, except as an intermediate in chemical synthesis. DBCP can still be found in drinking water as a result of persistent residue from historical agricultural operations. On Oʻahu, DBCP was used as a nematocide in pineapple plantations from the 1940s to 1980s. It is commonly found in groundwater in former agricultural areas and is removed by filtration with granular activated carbon (GAC). | AR52: TRUE
A53: Dibromoacetic acid | B53: dibromoacetic acid | C53: C2H2O2Br2 | G53: Aliphatic | H53: Alkane | I53: Linear | L53: TRUE | P53: 2 | Q53: 0 | R53: 0 | S53: 0 | T53: 2 | AD53: TRUE | AE53: FALSE | AL53: =IF(ISBLANK(AK53),"",AK53<AG53) | AO53: See total haloacetic acids | AV53: TRUE
A54: Dibromochloromethane | B54: dibromochloromethane | C54: CHBr2Cl | D54: chlorodibromomethane | DBCM | E54: 124-48-1 | F54: GATVIKZLVQHOMN-UHFFFAOYSA-N | G54: Aliphatic | H54: Alkane | I54: Linear | L54: TRUE | P54: 1 | Q54: 0 | R54: 0 | S54: 1 | T54: 2 | AD54: =OR(Glossary!$R44>0,Glossary!$S44>0,Glossary!$T44>0) -> TRUE | AE54: TRUE | AF54: 0.06 | AH54: MCL as a class, see TTHMs | AL54: =IF(ISBLANK(AK54),"",AK54<AG54) | AO54: Dibromochloromethane is an organic compound formed as a disinfection byproduct when chlorine reacts with natural organic matter in source water. It is also used as a laboratory reagent, and formerly was used as a flame retardant and chemical intermediate. | AR54: TRUE | AV54: TRUE
A55: 1,2-Dibromoethane (EDB) | B55: dibromoethane, 1,2- (EDB) | C55: C2H4Br2 | D55: DBE | EDB | ethylene dibromide | sym-dibromoethane | E55: 106-93-4 | F55: PAAZPARNPHGIKF-UHFFFAOYSA-N | G55: Aliphatic | H55: Alkane | I55: Linear | O55: TRUE | P55: 2 | Q55: 0 | R55: 0 | S55: 0 | T55: 2 | AD55: =OR(Glossary!$R45>0,Glossary!$S45>0,Glossary!$T45>0) -> TRUE | AE55: TRUE | AF55: 0 | AG55: 5e-05 | AK55: 4e-05 | AL55: =IF(ISBLANK(AK55),"",AK55<AG55) -> TRUE | AO55: 1,2-dibromoethane is a synthetic hydrocarbon that was widely used as a soil fumigant and as an additive to leaded gasoline. It is currently used as a pesticide and as an intermediate for dyes, resins, waxes and gums. The principal source of drinking water contamination is discharge from petroleum refineries. | AR55: TRUE | AU55: TRUE | AV55: TRUE
A56: Dibromomethane | B56: dibromomethane | C56: CH2Br2 | D56: methylene dibromide | E56: 74-95-3 | F56: FJBFPHVGVWTDIP-UHFFFAOYSA-N | G56: Aliphatic | H56: Alkane | I56: Linear | P56: 1 | Q56: 0 | R56: 0 | S56: 0 | T56: 2 | AD56: =OR(Glossary!$R46>0,Glossary!$S46>0,Glossary!$T46>0) -> TRUE | AE56: TRUE | AL56: =IF(ISBLANK(AK56),"",AK56<AG56) | AO56: Dibromomethane is an organic compound used as a solvent, in fire extinguishing fluids, and in chemical synthesis. It occurs naturally in ocean environments where it is produced by marine algae. | AR56: TRUE
A57: Dichloroacetic acid | B57: dichloroacetic acid | C57: C2H2O2Cl2 | G57: Aliphatic | H57: Alkane | I57: Linear | L57: TRUE | P57: 2 | Q57: 0 | R57: 0 | S57: 2 | T57: 0 | AD57: TRUE | AE57: FALSE | AL57: =IF(ISBLANK(AK57),"",AK57<AG57) | AO57: See total haloacetic acids | AV57: TRUE
A58: o-Dichlorobenzene | B58: dichlorobenzene, 1,2- | C58: C6H4Cl2 | D58: 1,2-dichlorobenzene | ODCB | E58: 95-50-1 | F58: RFFLAFLAYFXFSW-UHFFFAOYSA-N | G58: Aromatic | H58: Benzene | I58: Halogenated | J58: TRUE | P58: 6 | Q58: 0 | R58: 0 | S58: 2 | T58: 0 | AD58: =OR(Glossary!$R47>0,Glossary!$S47>0,Glossary!$T47>0) -> TRUE | AE58: FALSE | AF58: 0.6 | AG58: 0.6 | AL58: =IF(ISBLANK(AK58),"",AK58<AG58) | AO58: o-dichlorobenzene is a chlorinated hydrocarbon used as a chemical intermediate, solvent in industrial processes, and in the production of insecticides and deodorizing products. It is used in lubricants, greases, paints, and coatings. o-dichlorobenzene contaminates drinking water through discharge from chemical factories. | AR58: TRUE | AT58: TRUE | AV58: TRUE
A59: m-Dichlorobenzene | B59: dichlorobenzene, 1,3- | C59: C6H4Cl2 | D59: 1,3-dichlorobenzene | E59: 541-73-1 | F59: ZPQOPVIELGIULI-UHFFFAOYSA-N | G59: Aromatic | H59: Benzene | I59: Halogenated | J59: TRUE | P59: 6 | Q59: 0 | R59: 0 | S59: 2 | T59: 0 | AD59: =OR(Glossary!$R48>0,Glossary!$S48>0,Glossary!$T48>0) -> FALSE | AE59: FALSE | AL59: =IF(ISBLANK(AK59),"",AK59<AG59) | AO59: m-dichlorobenzene is a chlorinated hydrocarbon used mainly as a chemical intermediate in the manufacturing of herbicides, insecticides, dyes and other industrial chemicals. | AR59: TRUE
A60: p-Dichlorobenzene | B60: dichlorobenzene, 1,4- | C60: C6H4Cl2 | D60: PARA | PDCB | 1,4-dichlorobenzene | E60: 106-46-7 | F60: OCJBOOLMMGQPQU-UHFFFAOYSA-N | G60: Aromatic | H60: Benzene | I60: Halogenated | J60: TRUE | P60: 6 | Q60: 0 | R60: 0 | S60: 2 | T60: 0 | AD60: =OR(Glossary!$R49>0,Glossary!$S49>0,Glossary!$T49>0) -> FALSE | AE60: FALSE | AF60: 0.075 | AG60: 0.075 | AL60: =IF(ISBLANK(AK60),"",AK60<AG60) | AO60: p-dichlorobenzene is a chlorinated hydrocarbon commonly used in mothballs and deodorizer blocks. It is also used as a chemical intermediate in the production of pesticides, dyes and other industrial products. p-dichlorobenzene contaminates drinking water through discharge from chemical factories. | AR60: TRUE | AT60: TRUE | AV60: TRUE
A61: Dichlorodifluoromethane (Freon 12) | B61: dichlorodifluoromethane | C61: CCl2F2 | D61: CFC-12 | Difluorodichloromethane | Fluorocarbon 12 | Freon 12 | Genetron 12 | Halon 122 | Propellant 12 | R-12 | Refrigerant 12 | E61: 75-71-8 | F61: PXBRQCKWGAHEHS-UHFFFAOYSA-N | G61: Aliphatic | H61: Alkane | I61: Linear | P61: 1 | Q61: 0 | R61: 2 | S61: 2 | T61: 0 | AD61: =OR(Glossary!$R50>0,Glossary!$S50>0,Glossary!$T50>0) -> TRUE | AE61: TRUE | AL61: =IF(ISBLANK(AK61),"",AK61<AG61) | AM61: TRUE | AO61: Dichlorodifluoromethane is a synthetic chlorofluorocarbon compound used mainly as a refrigerant in air conditioners and refrigerators, an aerosol propellant, and a blowing agent in foam manufacturing. | AR61: TRUE
A62: 1,1-Dichloroethane | B62: dichloroethane, 1,1- | C62: C2H4Cl2 | D62: 1,1-Ethylidene dichloride | Asymmetrical dichloroethane | CFC-150a | ethylidene dichloride | E62: 75-34-3 | F62: SCYULBFZEHDVBN-UHFFFAOYSA-N | G62: Aliphatic | H62: Alkane | I62: Linear | P62: 2 | Q62: 0 | R62: 0 | S62: 2 | T62: 0 | AD62: =OR(Glossary!$R51>0,Glossary!$S51>0,Glossary!$T51>0) -> FALSE | AE62: TRUE | AL62: =IF(ISBLANK(AK62),"",AK62<AG62) | AO62: 1,1-dichloroethane is a synthetic chlorinated hydrocarbon used mainly as a solvent and a chemical intermediate in the production of plastics, oils, cleaning agents, and other industrial chemicals. It is also used as an insecticide spray, and as a solvent for paints and varnishes. | AR62: TRUE
A63: 1,2-Dichloroethane | B63: dichloroethane, 1,2- | C63: C2H4Cl2 | D63: 1,2-DCE | DCA | DCE | EDC | alpha,beta-dichloroethane | ethane dichloride | ethylene dichloride | E63: 107-06-2 | F63: WSLDOOZREJYCGB-UHFFFAOYSA-N | G63: Aliphatic | H63: Alkane | I63: Linear | P63: 2 | Q63: 0 | R63: 0 | S63: 2 | T63: 0 | AD63: =OR(Glossary!$R52>0,Glossary!$S52>0,Glossary!$T52>0) -> TRUE | AE63: TRUE | AF63: 0 | AG63: 0.005 | AL63: =IF(ISBLANK(AK63),"",AK63<AG63) | AO63: 1,2-dichloroethane is a synthetic chlorinated hydrocarbon mainly used in the production of vinyl chloride and other chemicals. It is also used as a solvent in degreasing applications, cleaning products, and industrial chemical processes. 1,2-dichloroethane contaminates drinking water through discharge from chemical factories. | AR63: TRUE | AT63: TRUE | AV63: TRUE
A64: 1,1-Dichloroethene | B64: dichloroethene, 1,1- | C64: C2H2Cl2 | D64: 1,1-DCE | 1,1-dichloroethylene | VDC | Vinylidene dichloride | E64: 75-35-4 | F64: LGXVIGDEPROXKC-UHFFFAOYSA-N | G64: Aliphatic | H64: Alkane | I64: Linear | P64: 2 | Q64: 0 | R64: 0 | S64: 2 | T64: 0 | AD64: =OR(Glossary!$R53>0,Glossary!$S53>0,Glossary!$T53>0) -> TRUE | AE64: FALSE | AF64: 0.007 | AG64: 0.007 | AL64: =IF(ISBLANK(AK64),"",AK64<AG64) | AO64: 1,1-dichloroethylene is a synthetic organic chemical used in the production of polymers and high purity silica films. | AR64: TRUE | AT64: TRUE | AV64: TRUE
A65: cis-1,2-Dichloroethene | B65: dichloroethene, cis-1,2- | C65: C2H2Cl2 | D65: (Z)-1,2-dichloroethene | E65: 156-59-2 | F65: KFUSEUYYWQURPO-UPHRSURJSA-N | G65: Aliphatic | H65: Alkene | I65: Linear | P65: 2 | Q65: 0 | R65: 0 | S65: 2 | T65: 0 | AD65: =OR(Glossary!$R54>0,Glossary!$S54>0,Glossary!$T54>0) -> TRUE | AE65: FALSE | AF65: 0.07 | AG65: 0.07 | AL65: =IF(ISBLANK(AK65),"",AK65<AG65) | AO65: cis-1,2-dichloroethene is a synthetic chlorinated hydrocarbon commonly formed through breakdown of other halogenated hydrocarbons in waste water and anaerobic groundwater. It is mainly used as a solvent in the extraction of oils, resins and lacquers, and it is also a chemical intermediate. cis-1,2-dichloroethene contaminates drinking water through discharge from chemical factories. | AR65: TRUE | AT65: TRUE | AV65: TRUE
A66: Total 1,2-dichloroethene | B66: dichloroethene, total 1,2- | C66: C2H2Cl2 | G66: Aliphatic | H66: Alkene | I66: Linear | P66: 2 | Q66: 0 | R66: 0 | S66: 2 | T66: 0 | AD66: TRUE | AE66: FALSE | AL66: =IF(ISBLANK(AK66),"",AK66<AG66) | AO66: Mixture of cis- and trans-1,2-dichloroethene - see individual compounds for source information. | AV66: TRUE
A67: trans-1,2-Dichloroethene | B67: dichloroethene, trans-1,2- | C67: C2H2Cl2 | D67: (E)-1,2-dichloroethene | E67: 156-60-5 | F67: KFUSEUYYWQURPO-OWOJBTEDSA-N | G67: Aliphatic | H67: Alkene | I67: Linear | P67: 2 | Q67: 0 | R67: 0 | S67: 2 | T67: 0 | AD67: =OR(Glossary!$R55>0,Glossary!$S55>0,Glossary!$T55>0) -> TRUE | AE67: FALSE | AF67: 0.1 | AG67: 0.1 | AL67: =IF(ISBLANK(AK67),"",AK67<AG67) | AO67: trans-1,2-dichloroethene is a synthetic chlorinated hydrocarbon used as a solvent for extracting oils, fats, and resins and in cleaning and degreasing industrial materials. trans-1,2-dichloroethene contaminates drinking water through discharge from chemical factories. | AR67: TRUE | AT67: TRUE | AV67: TRUE
A68: 1,2-Dichloropropane | B68: dichloropropane, 1,2- | C68: C3H6Cl2 | E68: 78-87-5 | F68: KNKRKFALVUDBJE-UHFFFAOYSA-N | G68: Aliphatic | H68: Alkane | I68: Linear | P68: 3 | Q68: 0 | R68: 0 | S68: 2 | T68: 0 | AD68: =OR(Glossary!$R56>0,Glossary!$S56>0,Glossary!$T56>0) -> TRUE | AE68: TRUE | AF68: 0 | AG68: 0.005 | AL68: =IF(ISBLANK(AK68),"",AK68<AG68) | AO68: 1,2-dichloropropane is an organic compound produced as a byproduct of the production of epichlorohydrin. It is used as a chemical intermediate in the production of other organic chemicals, as an industrial solvent, and in petroleum processing. | AR68: TRUE | AT68: TRUE | AW68: TRUE
A69: 1,3-Dichloropropane | B69: dichloropropane, 1,3- | C69: C3H6Cl2 | E69: 142-28-9 | F69: YHRUOJUYPBUZOS-UHFFFAOYSA-N | G69: Aliphatic | H69: Alkane | I69: Linear | P69: 3 | Q69: 0 | R69: 0 | S69: 2 | T69: 0 | AD69: =OR(Glossary!$R57>0,Glossary!$S57>0,Glossary!$T57>0) -> TRUE | AE69: TRUE | AL69: =IF(ISBLANK(AK69),"",AK69<AG69) | AO69: 1,3-dichloropropane is a synthetic volatile organic compound that is found as a contaminant in soil fumigants containing 1,3-dichloropropene. It has no known uses or intentional production. | AQ69: D | AR69: TRUE
A70: 2,2-Dichloropropane | B70: dichloropropane, 2,2- | C70: C3H6Cl2 | D70: dimethyldichloromethane | E70: 594-20-7 | F70: ZEOVXNVKXIPWMS-UHFFFAOYSA-N | G70: Aliphatic | H70: Alkane | I70: Linear | P70: 3 | Q70: 0 | R70: 0 | S70: 2 | T70: 0 | AD70: =OR(Glossary!$R58>0,Glossary!$S58>0,Glossary!$T58>0) -> TRUE | AE70: TRUE | AL70: =IF(ISBLANK(AK70),"",AK70<AG70) | AO70: 2,2-dichloropropane is a chlorinated organic compound used as a solvent for pesticides in agriculture and as an industrial solvent. It is also used in organic synthesis and in isomerization catalyst processes saturated hydrocarbons. | AR70: TRUE
A71: 1,1-Dichloropropene | B71: dichloropropene, 1,1- | C71: C3H4Cl2 | E71: 563-58-6 | F71: ZAIDIVBQUMFXEC-UHFFFAOYSA-N | G71: Aliphatic | H71: Alkane | I71: Linear | P71: 3 | Q71: 0 | R71: 0 | S71: 2 | T71: 0 | AD71: =OR(Glossary!$R59>0,Glossary!$S59>0,Glossary!$T59>0) -> TRUE | AE71: FALSE | AL71: =IF(ISBLANK(AK71),"",AK71<AG71) | AO71: 1,1-dichloropropene is a synthetic volatile organic compound. Minimal information is available on its uses. The USEPA investigated regulation of this compound in the early 2000s after environmental data collected nationwide in the late 1990s found that it was present in at least some drinking water sources. However, no regulation was ever promulgated and the compound was dropped from further consideration after 2008. | AR71: TRUE
A72: 1,3-Dichloropropene, Total | B72: dichloropropene, 1,3- | C72: NA | D72: AQL Agrocelhone, DD92, 1,3-D, Dorlone, Nematox, Telone, Nemex, Di-Trapex CP, Vorlex 201, chloroallylchloride, DCP | E72: 542-75-6 | F72: NA | G72: Aliphatic | H72: Alkane | I72: Linear | O72: TRUE | P72: 3 | Q72: 0 | R72: 0 | S72: 2 | T72: 0 | AD72: =OR(Glossary!$R60>0,Glossary!$S60>0,Glossary!$T60>0) -> TRUE | AE72: TRUE | AL72: =IF(ISBLANK(AK72),"",AK72<AG72) | AO72: 1,3-dichloropropene is a synthetic volatile organic compound mainly used as a soil fumigant pesticide to control nematodes and other soil pests in agricultural settings. It is commonly applied before planting crops and may be released into the environment through agricultural use, spills and industrial handling. 1,3-dichloropropene consists of two isomers, cis-1,3-dichloropropene and trans-1,3-dichloropropene. | AR72: TRUE
A73: cis-1,3-Dichloropropene | B73: dichloropropene, cis-1,3- | C73: C3H4Cl2 | D73: (1Z)-1,3-Dichloro-1-propene | E73: 10061-01-5 | F73: UOORRWUZONOOLO-UPHRSURJSA-N | G73: Aliphatic | H73: Alkene | I73: Linear | O73: TRUE | P73: 3 | Q73: 0 | R73: 0 | S73: 2 | T73: 0 | AD73: =OR(Glossary!$R61>0,Glossary!$S61>0,Glossary!$T61>0) -> TRUE | AE73: FALSE | AL73: =IF(ISBLANK(AK73),"",AK73<AG73) | AO73: cis-1,3-dichloropropene is a chlorinated organic compound and one isomer of 1,3-dichloropene. It is used mainly as a soil fumigant pesticide to control nematodes and other soil pests in agricultural settings. | AR73: TRUE
A74: trans-1,3-Dichloropropene | B74: dichloropropene, trans-1,3- | C74: C3H4Cl2 | D74: (1E)-1,3-Dichloro-1-propene | E74: 10061-02-6 | F74: UOORRWUZONOOLO-OWOJBTEDSA-N | G74: Aliphatic | H74: Alkene | I74: Linear | O74: TRUE | P74: 3 | Q74: 0 | R74: 0 | S74: 2 | T74: 0 | AD74: =OR(Glossary!$R62>0,Glossary!$S62>0,Glossary!$T62>0) -> TRUE | AE74: FALSE | AL74: =IF(ISBLANK(AK74),"",AK74<AG74) | AO74: trans-1,3-dichloropropene is a chlorinated organic compound and one isomer of 1,3-dichloropropene. It is used mainly as a soil fumigant pesticide in agricultural settings. | AR74: TRUE
A75: Di-isopropyl ether | B75: diisopropyl ether | C75: C6H14O | D75: diisopropyl ether | E75: 108-20-3 | F75: ZAFNJMIOTHYJRJ-UHFFFAOYSA-N | G75: Aliphatic | H75: Alkane | I75: Branched | P75: 6 | Q75: 0 | R75: 0 | S75: 0 | T75: 0 | X75: 1 | AD75: =OR(Glossary!$R63>0,Glossary!$S63>0,Glossary!$T63>0) -> TRUE | AE75: TRUE | AL75: =IF(ISBLANK(AK75),"",AK75<AG75) | AO75: Diisopropyl ether is an organic ether compound used mainly as an industrial solvent and as an additive in gasoline to improve engine performance. It is also used in extraction processes and organic synthesis. | AR75: TRUE
A76: Endrin | B76: Endrin | C76: C12H8Cl6O | D76: Hexadrin | E76: 72-20-8 | F76: DFBKLUNHFCTMDC-GKRDHZSOSA-N | G76: Aliphatic | H76: Alkene | I76: Cyclic | O76: TRUE | P76: 12 | Q76: 0 | R76: 0 | S76: 6 | T76: 0 | X76: 1 | AD76: =OR(Glossary!$R64>0,Glossary!$S64>0,Glossary!$T64>0) -> TRUE | AE76: FALSE | AF76: 0.002 | AG76: 0.002 | AK76: 0.002 | AL76: =IF(ISBLANK(AK76),"",AK76<AG76) -> FALSE | AN76: A | AO76: Endrin is an organochlorine compound formerly used as a pesticide to control insects, rodents, and birds on agricultural crops such as cotton and grains. Its use has been banned or severely restricted in many countries due to its toxicity, but residue may persist in the environment and contaminate drinking water sources. | AR76: TRUE
A77: Ethyl tert-butyl ether | B77: ethyl tert-butyl ether | C77: C6H14O | D77: ETBE | E77: 637-92-3 | F77: NUMQCACRALPSHD-UHFFFAOYSA-N | G77: Aliphatic | H77: Alkane | I77: Branched | P77: 6 | Q77: 0 | R77: 0 | S77: 0 | T77: 0 | AD77: =OR(Glossary!$R65>0,Glossary!$S65>0,Glossary!$T65>0) -> TRUE | AE77: TRUE | AL77: =IF(ISBLANK(AK77),"",AK77<AG77) | AO77: Ethyl tert-butyl ether is an organic compound used mainly as a gasoline additive to improve fuel combustion efficiency. It is also used as an oxygenate to increase gasoline octane levels. | AR77: TRUE
A78: Ethylbenzene | B78: ethylbenzene | C78: C8H10 | E78: 100-41-4 | F78: YNQLUTRBYVCPMQ-UHFFFAOYSA-N | G78: Aromatic | H78: Benzene | I78: Alkylated | J78: TRUE | K78: TRUE | M78: TRUE | P78: 8 | Q78: 0 | R78: 0 | S78: 0 | T78: 0 | AD78: =OR(Glossary!$R66>0,Glossary!$S66>0,Glossary!$T66>0) -> TRUE | AE78: FALSE | AF78: 0.7 | AG78: 0.7 | AL78: =IF(ISBLANK(AK78),"",AK78<AG78) | AO78: Ethylbenzene is a C8 (gasoline range) hydrocarbon found in a variety of petroleum products and used in the production of styrene. It is also used as an anti-knock agent in gasolines to increase octane rating and prevent engine knocking. | AR78: TRUE | AT78: TRUE | AU78: TRUE | AV78: TRUE
A79: Fluoranthene | B79: fluoranthene | C79: C16H10 | D79: benzo[jk]fluorene | E79: 206-44-0 | F79: GVEPBJHOBDJJJI-UHFFFAOYSA-N | G79: Aromatic | H79: PAH | J79: TRUE | M79: TRUE | N79: TRUE | P79: 16 | Q79: 0 | R79: 0 | S79: 0 | T79: 0 | AD79: =OR(Glossary!$R67>0,Glossary!$S67>0,Glossary!$T67>0) -> TRUE | AE79: FALSE | AL79: =IF(ISBLANK(AK79),"",AK79<AG79) | AO79: Fluoranthene is a diesel range (C16) polycyclic aromatic hydrocarbon (PAH) found in fossil fuels and formed during incomplete combustion of organic materials. It is commonly found in coal, tar, creosote, asphalt, vehicle exhaust, cigarette smoke and has been used as a chemical intermediate in the production of dyes and pesticides. | AQ79: A | AR79: TRUE
A80: Fluorene | B80: fluorene | C80: C13H10 | D80: 9H-fluorene | o-biphenylenemethane | E80: 86-73-7 | F80: NIHNNTQXNPWCJQ-UHFFFAOYSA-N | G80: Aromatic | H80: PAH | J80: TRUE | M80: TRUE | N80: TRUE | P80: 13 | Q80: 0 | R80: 0 | S80: 0 | T80: 0 | AD80: =OR(Glossary!$R68>0,Glossary!$S68>0,Glossary!$T68>0) -> TRUE | AE80: FALSE | AL80: =IF(ISBLANK(AK80),"",AK80<AG80) | AO80: Fluorene is a diesel range (C13) polycyclic aromatic hydrocarbon (PAH) formed primarily during incomplete combustion and found in coal tar, crude oil and petroleum products. It is used in the production of dyes, pharmaceuticals, plastics and other specialty chemicals. Small amounts of fluorene have been reported in JP-5 jet fuel. | AP80: Not to be confused with fluorine, chemical element, symbol F | AQ80: A | AR80: TRUE | AU80: TRUE | AV80: TRUE
A81: Fluoride | B81: fluoride | C81: F − | E81: 16984-48-8 | F81: KRHYYFGTRYWZRS-UHFFFAOYSA-M | G81: Pure element | H81: Nonmetal | I81: Halogen | P81: 0 | Q81: 0 | R81: 0 | S81: 0 | T81: 0 | AD81: TRUE | AE81: N/A | AI81: 2 | AL81: =IF(ISBLANK(AK81),"",AK81<AG81) | AO81: Fluoride is the anionic (negatively charged) form of fluorine, a chemical element and halogen. It is a common ion found in rocks and soils, and is commonly found in small amounts in drinking water sources due to erosion of natural deposits. Small amounts of fluoride are also added to drinking water by some utilities to promote dental health. | AP81: Anion form of the chemical element fluorine, not to be confused with the PAH fluorene | AU81: TRUE | AW81: TRUE
A82: Freon 113 | B82: Freon 113 | C82: C2Cl3F3 | D82: 1,1,2-trichloro-1,2,2-trifluoroethane | CFC-113 | TTE | chlorofluorocarbon-113 | freon 113 | halocarbon 113 | refrigerant 113 | trichlorotrifluoroethane | E82: 76-13-1 | F82: AJDIZQLSFPQPEY-UHFFFAOYSA-N | G82: Aliphatic | H82: Alkane | I82: Linear | P82: 2 | Q82: 0 | R82: 3 | S82: 3 | T82: 0 | AD82: =OR(Glossary!$R69>0,Glossary!$S69>0,Glossary!$T69>0) -> TRUE | AE82: TRUE | AL82: =IF(ISBLANK(AK82),"",AK82<AG82) | AM82: TRUE | AO82: Freon 113 is a synthetic chlorofluorocarbon (CFC) formerly used as an industrial solvent for cleaning and degreasing electronic components, metals, and precision equipment. It was also used in refrigeration and aerosol applications. Its use has been phased out due to its ozone-depleting effects. | AR82: TRUE
A83: Heptachlor | B83: heptachlor | C83: C10H5Cl7 | D83: 1,4,5,6,7,8,8-Heptachloro-3a,4,7,7a-tetrahydro-4,7-methanoindene | 3-chlorochlordene | Heptachlorane | Heptamul | E83: 76-44-8 | F83: FRCCEHPWNOQAEU-UHFFFAOYSA-N | G83: Aliphatic | H83: Alkene | I83: Cyclic | O83: TRUE | P83: 10 | Q83: 0 | R83: 0 | S83: 7 | T83: 0 | AD83: =OR(Glossary!$R70>0,Glossary!$S70>0,Glossary!$T70>0) -> TRUE | AE83: FALSE | AF83: 0 | AG83: 0.0004 | AK83: 0.0004 | AL83: =IF(ISBLANK(AK83),"",AK83<AG83) -> FALSE | AN83: A | AO83: Heptachlor is a synthetic organochlorine compound that was widely used to control soil insects, termites, ants, and agricultural pests on crops. Its use has been banned or severely restricted in many countries but residue may still be found in soil, sediments, and the environment, including drinking water sources, due to past applications. | AR83: TRUE
A84: Heptachlor epoxide | B84: heptachlor epoxide | C84: C10H5Cl7O | D84: epoxyheptachlor | E84: 1024-57-3 | F84: ZXFXBSWRVIQKOD-UOFFAGTMSA-N | G84: Aliphatic | H84: Alkene | I84: Cyclic | P84: 10 | Q84: 0 | R84: 0 | S84: 7 | T84: 0 | AB84: 1 | AD84: =OR(Glossary!$R71>0,Glossary!$S71>0,Glossary!$T71>0) -> TRUE | AE84: FALSE | AF84: 0 | AG84: 0.0002 | AK84: 0.0002 | AL84: =IF(ISBLANK(AK84),"",AK84<AG84) -> FALSE | AO84: Heptachlor epoxide is a chlorinated organic compound formed when the pesticide heptachlor breaks down in the environment or within living organisms. It has no major commercial use of its own but is commonly found in soil, sediments, water and wildlife due to historical use of heptachlor and is highly persistent in the environment. | AR84: TRUE
A85: Heterotrophic plate count | B85: heterotrophic plate count | C85: NA | G85: Non-compound measurement | P85: NA | Q85: NA | R85: NA | S85: NA | T85: NA | AD85: N/A | AE85: N/A | AL85: =IF(ISBLANK(AK85),"",AK85<AG85) | AO85: Heterotrophs are organisms that can not produce their own food and instead rely on consuming other food sources to survive. A heterotrophic plate count measurement is performed by placing a water sample on a petri dish (plate) containing a food source, incubating the plate for some time, and counting how many bacterial colonies form. This provides information about the number of live bacteria in the water, which can indicate whether pathogenic bacteria could be present. | AU85: TRUE | AW85: TRUE
A86: Hexachlorobutadiene | B86: hexachlorobutadiene | C86: C4Cl6 | D86: HCBD | Hexachloro-1,3-butadiene | Perchlorobutadiene | E86: 87-68-3 | F86: RWNKSTSCBHKHTB-UHFFFAOYSA-N | G86: Aliphatic | H86: Alkene | I86: Linear | P86: 4 | Q86: 0 | R86: 0 | S86: 6 | T86: 0 | AD86: =OR(Glossary!$R72>0,Glossary!$S72>0,Glossary!$T72>0) -> TRUE | AE86: FALSE | AL86: =IF(ISBLANK(AK86),"",AK86<AG86) | AN86: A (as industrial chemical), C (as unintentional production) | AO86: Hexachlorobutadiene is a chlorinated organic compound commonly produced as a byproduct during the manufacture of chlorinated hydrocarbons. It has been used as an industrial solvent and is currently used in manufacture of rubber compounds and other chlorinated chemicals. | AR86: TRUE
A87: gamma-BHC (Lindane) | B87: hexachlorocyclohexane, γ- | C87: NA | D87: gamma-hexachlorocyclohexane | gamma-HCH | gammaxene | Gammallin | benzene hexachloride | E87: 608-73-1 | F87: JLYXXMFPNIAWKQ-UHFFFAOYSA-N | G87: Aliphatic | H87: Alkane | I87: Cyclic | P87: 6 | Q87: 0 | R87: 0 | S87: 6 | T87: 0 | AD87: =OR(Glossary!$R73>0,Glossary!$S73>0,Glossary!$T73>0) -> TRUE | AE87: TRUE | AF87: 0.0002 | AG87: 0.0002 | AK87: 0.0002 | AL87: =IF(ISBLANK(AK87),"",AK87<AG87) -> FALSE | AN87: A | AO87: Lindane is a synthetic organochlorine insecticide that was used to control agricultural pests on crops and livestock and treat head lice and scabies in humans. Its agricultural use has been banned or restricted due to environmental and health concerns, but residue may persist in the environment and contaminate drinking water sources. | AR87: TRUE
A88: Hexachlorocyclopentadiene | B88: hexachlorocyclopentadiene | C88: C5Cl6 | D88: 1,2,3,4,5,5-Hexachloro-1,3-cyclopentadiene | HCCPD | Perchlorocyclopentadiene | E88: 77-47-4 | F88: VUNCWTMEJYMOOR-UHFFFAOYSA-N | G88: Aliphatic | H88: Alkene | I88: Cyclic | O88: Contaminant | P88: 5 | Q88: 0 | R88: 0 | S88: 6 | T88: 0 | AD88: =OR(Glossary!$R74>0,Glossary!$S74>0,Glossary!$T74>0) -> TRUE | AE88: FALSE | AF88: 0.05 | AG88: 0.05 | AK88: 0.05 | AL88: =IF(ISBLANK(AK88),"",AK88<AG88) -> FALSE | AO88: Hexachlorocyclopentadiene is an organochlorine compound used primarily as a chemical intermediate in the manufacture of organochlorine pesticides, including aldrin, dieldrin, endrin, chlordane and heptachlor. Hexachlorocyclopentadiene contaminates drinking water through discharge from chemical factories and as residue in pesticide formulations. | AQ88: D | AR88: TRUE
A89: 2-Hexanone | B89: hexanone, 2- | C89: C6H12O | D89: MBK | Methyl butyl ketone | E89: 591-78-6 | F89: QQZOPKMRPOGIEB-UHFFFAOYSA-N | G89: Aliphatic | H89: Alkane | I89: Linear | P89: 6 | Q89: 0 | R89: 0 | S89: 0 | T89: 0 | Y89: 1 | AD89: =OR(Glossary!$R75>0,Glossary!$S75>0,Glossary!$T75>0) -> FALSE | AE89: FALSE | AL89: =IF(ISBLANK(AK89),"",AK89<AG89) | AO89: 2-hexanone is an organic compound primarily used as an industrial solvent in coatings, paints, adhesives, and chemical manufacturing processes. 2-hexanone can be released into the environment through industrial emissions, solvent use, spills, and waste disposal. | AR89: TRUE
A90: Indeno (1,2,3-cd) pyrene | B90: indeno(1,2,3-cd)pyrene | C90: C22H12 | D90: 1,10-(o-phenylene)pyrene | E90: 193-39-5 | F90: SXQBHARYMNFBPS-UHFFFAOYSA-N | G90: Aromatic | H90: PAH | J90: TRUE | N90: TRUE | P90: 22 | Q90: 0 | R90: 0 | S90: 0 | T90: 0 | AD90: =OR(Glossary!$R76>0,Glossary!$S76>0,Glossary!$T76>0) -> TRUE | AE90: FALSE | AL90: =IF(ISBLANK(AK90),"",AK90<AG90) | AO90: Indeno[1,2,3-cd]pyrene is a diesel range (C22) polycyclic aromatic hydrocarbon (PAH) formed during incomplete combustion of organic materials. It is commonly found in vehicle exhaust, coal tar, soot, cigarette smoke and polluted air, water and soil. | AQ90: A | AR90: TRUE | AU90: TRUE | AV90: TRUE
A91: Iron | B91: iron | C91: Fe 2+ | Fe 3+ | E91: 15438-31-0 | 20074-52-6 | 7439-89-6 | F91: CWYNVVGOOAEACU-UHFFFAOYSA-N | VTLYFUHAOXGGBS-UHFFFAOYSA-N | G91: Pure element | H91: Metal | I91: Transition metal (group 8) | P91: 0 | Q91: 0 | R91: 0 | S91: 0 | T91: 0 | AD91: FALSE | AE91: N/A | AI91: 0.3 | AL91: =IF(ISBLANK(AK91),"",AK91<AG91) | AO91: Iron is a chemical element and metal. It is the fourth most abundant element in the earth’s crust and is a major component of many rocks and minerals, especially basalts like those that form the Hawaiian Islands. Iron is an important dietary mineral found in foods, especially red meats. Iron in drinking water can come from the erosion of iron-containing minerals, but also from the erosion of piping materials containing iron (especially cast iron). Excess iron can cause a metallic taste, a rusty color, red/orange staining of water-contact surfaces, and formation of sediments in plumbing. | AQ91: C | AU91: TRUE | AW91: TRUE
A92: p-Isopropyltoluene | B92: isopropyltoluene, p- | C92: C10H14 | D92: 1-Methyl-4-(1-methylethyl)-benzene | 4-cymene | p-cymene p-isopropyltoluene | E92: 99-87-6 | F92: HFPZCAJZSCWRBC-UHFFFAOYSA-N | G92: Aromatic | H92: Benzene | I92: Alkylated | J92: TRUE | P92: 10 | Q92: 0 | R92: 0 | S92: 0 | T92: 0 | AD92: =OR(Glossary!$R77>0,Glossary!$S77>0,Glossary!$T77>0) -> FALSE | AE92: FALSE | AL92: =IF(ISBLANK(AK92),"",AK92<AG92) | AO92: p-isopropyltoluene is a C10 aromatic hydrocarbon found naturally in plants including cranberries, cumin and thyme. It is manufactured from petrochemical feedsticks through the alkylation of toluene with propylene. It is used as a solvent and chemical intermediate in the production of fragrances, metal polishes, thinners for lacquers/varnishes, synthetic resins, and other industrial chemicals. | AR92: TRUE
A93: Lead | B93: lead | C93: Pb | E93: 7439-92-1 | F93: WABPQHHGFIMREM-UHFFFAOYSA-N | G93: Pure element | H93: Metal | I93: Post-transition metal, group 14 | M93: TRUE | P93: 0 | Q93: 0 | R93: 0 | S93: 0 | T93: 0 | AD93: =OR(Glossary!$R78>0,Glossary!$S78>0,Glossary!$T78>0) -> FALSE | AE93: N/A | AF93: 0 | AH93: TT, AL = 0.010 | AK93: AL = 0.015 | AL93: =IF(ISBLANK(AK93),"",AK93<AG93) -> FALSE | AO93: Lead is a chemical element and heavy metal primarily used in lead-acid batteries for vehicles and backup power systems. It is also used in ammunition, radiation shielding for medical and industrial applications, construction materials, cable coverings, solder and various metal products. The principal sources of lead contamination in drinking water are corrosion of lead piping and erosion of natural minerals. | AQ93: B | AR93: TRUE | AT93: TRUE | AU93: TRUE | AV93: TRUE
A94: Magnesium | B94: magnesium | C94: Mg 2+ | E94: 22537-22-0 | 7439-95-4 | F94: JLVVSXFLKOJNIY-UHFFFAOYSA-N | G94: Pure element | H94: Metal | I94: Alkaline earth metal | P94: 0 | Q94: 0 | R94: 0 | S94: 0 | T94: 0 | AD94: FALSE | AE94: N/A | AL94: =IF(ISBLANK(AK94),"",AK94<AG94) | AO94: Magnesium is a chemical element and metal. It is the seventh most abundant element in the earth’s crust and is a major component of many rocks and minerals. Magnesium is an essential dietary mineral and is one of the water components that cause “hard” water. Evidence suggests that elevated magnesium in drinking water may actually be beneficial to human health. Magnesium in drinking water comes from the erosion of natural magnesium-containing minerals. | AQ94: C | AU94: TRUE | AW94: TRUE
A95: Manganese | B95: manganese | C95: Mn 2+ | G95: Pure element | H95: Metal | I95: Transition metal (group 7) | P95: 0 | Q95: 0 | R95: 0 | S95: 0 | T95: 0 | AD95: FALSE | AE95: N/A | AI95: 0.05 | AL95: =IF(ISBLANK(AK95),"",AK95<AG95) | AO95: Manganese is a chemical element and metal. It is a common component of minerals and is present in some drinking water treatment chemicals. Manganese is an essential dietary mineral and is also used in a number of industrial processes and products, including steels, fertilizers, batteries, cosmetics, and fireworks. Excessive manganese in drinking water can cause a black or brown color, black staining of water-contact surfaces, and a bitter metallic taste. | AQ95: C | AU95: TRUE | AW95: TRUE
A96: Mercury | B96: mercury | C96: Hg | E96: 7439-97-6 | F96: QSHDDOUJBYECFT-UHFFFAOYSA-N | G96: Pure element | H96: Metal | I96: Transition metal (group 12) | P96: 0 | Q96: 0 | R96: 0 | S96: 0 | T96: 0 | AD96: =OR(Glossary!$R79>0,Glossary!$S79>0,Glossary!$T79>0) -> FALSE | AE96: N/A | AF96: 0.002 | AG96: 0.002 | AH96: Only inorganic mercury is regulated | AK96: 0.002 | AL96: =IF(ISBLANK(AK96),"",AK96<AG96) -> FALSE | AO96: Mercury is a chemical element and metal used in scientific and industrial instruments, electrical switches and relays, fluorescent and mercury-vapor lamps, and some manufacturing processes. It has also been used in thermometers, barometers, dental amalgams, and gold mining. The principal sources of mercury contamination in drinking water are discharges from industrial operations (refineries, factories, landfills, and croplands) and erosion of natural deposits. | AQ96: B | AR96: TRUE | AT96: TRUE | AU96: TRUE | AV96: TRUE
A97: Methoxychlor | B97: methoxychlor | C97: C16H15Cl3O2 | D97: DMDT | MXC | Methoxy-DDT | dimethoxy-DDT | E97: 72-43-5 | F97: IAKOZHOLGAGEJT-UHFFFAOYSA-N | G97: Aromatic | H97: Benzene | I97: Derivatized | J97: TRUE | P97: 16 | Q97: 0 | R97: 0 | S97: 3 | T97: 0 | X97: 2 | AD97: =OR(Glossary!$R80>0,Glossary!$S80>0,Glossary!$T80>0) -> FALSE | AE97: FALSE | AF97: 0.04 | AG97: 0.04 | AL97: =IF(ISBLANK(AK97),"",AK97<AG97) | AN97: A | AO97: Methoxychlor is a synthetic organochlorine insecticide that was used to control flies, mosquitoes, roaches, and agricultural pests on crops, livestock, and domestic animals. It was commonly used in public health pest control, animal management, and agricultural programs prior to being banned in 2003. Residue may persist and contaminate drinking water sources. | AR97: TRUE
A98: Methyl tert-butyl ether (MTBE) | B98: methyl tert-butyl ether | C98: C5H12O | D98: 2-Methoxy-2-methylpropane | MTBE | E98: 1634-04-4 | F98: BZLVMXJERCGZMT-UHFFFAOYSA-N | G98: Aliphatic | H98: Alkane | I98: Branched | P98: 5 | Q98: 0 | R98: 0 | S98: 0 | T98: 0 | X98: 1 | AD98: =OR(Glossary!$R81>0,Glossary!$S81>0,Glossary!$T81>0) -> FALSE | AE98: TRUE | AJ98: TRUE | AL98: =IF(ISBLANK(AK98),"",AK98<AG98) | AO98: Methyl tert-butyl ether/MTBE is a synthetic organic compound used primarily as a gasoline additive to increase octane rating and improve combustion efficiency. It is also used as a solvent in both industrial and research applications. | AR98: TRUE
A99: 4-Methyl-2-pentanone | B99: methyl-2-pentanone, 4- | C99: C6H12O | D99: methyl isobutyl ketone | Isopropylacetone | MIBK | E99: 108-10-1 | F99: NTIZESTWPVYFNL-UHFFFAOYSA-N | G99: Aliphatic | H99: Alkane | I99: Branched | P99: 6 | Q99: 0 | R99: 0 | S99: 0 | T99: 0 | Y99: 1 | AD99: =OR(Glossary!$R82>0,Glossary!$S82>0,Glossary!$T82>0) -> TRUE | AE99: FALSE | AL99: =IF(ISBLANK(AK99),"",AK99<AG99) | AO99: 4-methyl-2-pentanone is an organic compound primarily used as an industrial solvent in paints, coatings, varnishes, lacquers, adhesives, inks, and resins. It is also used in the production of pharmaceuticals, rubber products, and chemical intermediates, and in extraction and cleaning processes. | AR99: TRUE
A100: Methylene chloride | B100: methylene chloride | C100: CH2Cl2 | D100: dichloromethane | DCM | Freon 30 | R 30 | E100: 75-09-2 | F100: YMWUJEATGCHHMB-UHFFFAOYSA-N | G100: Aliphatic | H100: Alkane | I100: Linear | P100: 1 | Q100: 0 | R100: 0 | S100: 2 | T100: 0 | AD100: =OR(Glossary!$R83>0,Glossary!$S83>0,Glossary!$T83>0) -> TRUE | AE100: TRUE | AF100: 0 | AG100: 0.005 | AL100: =IF(ISBLANK(AK100),"",AK100<AG100) | AO100: Methylene chloride is a synthetic chlorinated organic compound primarily used as an industrial solvent in paint strippers, metal cleaning and degreasing, pharmaceutical manufacturing, and chemical processing. It is also used in aerosol formulations, foam productions, and the manufacture of plastics and other industrial products. Dichloromethane contaminates drinking water through discharge from chemical factories. | AR100: TRUE | AT100: TRUE | AV100: TRUE
...

Sheet Footnotes
A1: id | B1: text
A2: A | B2: A comprehensive analysis of the polycyclic aromatic hydrocarbon content of jet fuels carried out by L.A. Shumway in 2000 found that the major PAHs in JP-5 are, in order of abundance, C1-naphthalenes, C2-naphthalenes, naphthalene, C3-naphthalenes, biphenyl, and C4-naphthalenes. Of the compounds annotated with this footnote, only anthracene (0.02%), fluoranthene (0.02%), fluorene (0.4%), and phenanthrene (0.1%) were found to be present in JP-5, the rest were not detected.
A3: B | B3: A comprehensive analysis of the trace metal content of jet fuels carried out by L.A. Shumway in 2000 analyzed jet fuel samples for a panel of 38 metals, including those annotated with this footnote that show up in Red Hill datasets. Of those that were monitored in a Red Hill dataset, only barium, chromium, copper, lead, and nickel were detected in JP-5 in this work.
A4: C | B4: The Extended Drinking Water Monitoring Plan (June 2024) incorrectly lists the CASRNs for these compounds as those for the metallic elements. However, only the ionic forms are expected to be present in drinking water, and they have different CASRNs and InChIKeys. For compatibility we have included the CASRN for the metallic form of each impacted element, but we have only included the InChIKeys for the ionic form(s).
A5: D | B5: This compound is not an active ingredient of a pesticide, but is present in pesticide products as a byproduct of manufacturing and is thus found in areas where pesticide contamination has occurred.
